Date & Time,Time,Permeate properties,,,,,Total Rej,Backwash water,Backwash (5 Nos),Reject water,,Reject water,Reject from membarne,,,Tank ,Feed to membrane,,,Feed Inlet to recycle tank,,RO/BW
,Min,Mass(g),Time(s),Cond(ppm),Total Flow (L),Flow rate (LPH),lit, TDS (ppm),Volume (ml),Volume (ml),Recovery,TDS (ppm/ppt),TDS(ppm),Flow rate ml/min,Flow rate (LPH),TDS (ppm),TDS (ppm),Flow (LPH),Pressure (psig),Flow (LPH),TDS (ppm),Operation
03.04.2017 02:39 PM,0,143.06,30.28,12,0,16.96,0.00,,0,0,#DIV/0!,,292,1035,62.1,264,264,79.06,75,16.96,119,RO
03.04.2017 02:49 PM,10,137.31,30.59,11,2.5,16.11,0.00,,0,0,100,,471,1116,66.96,375,375,83.07,75,16.11,86,RO
03.04.2017 02:59 PM,20,145.22,31.65,13,5,16.47,0.00,,0,0,100,,524,1115,66.9,480,480,83.37,75,16.47,77,RO
03.04.2017 03:02 PM,20,144.52,31.64,14,5,16.39,0.00,,0,0,100,,560,1139,68.34,511,511,84.73,75,16.39,75,RO
03.04.2017 03:12 PM,30,154.73,32.44,16,7.5,17.12,0.00,,0,0,100,,671,1667,100.02,650,650,117.14,75,17.12,76,RO
03.04.2017 03:22 PM,40,147.13,30.35,21,10,17.40,0.00,,0,0,100,,749,1554,93.24,229,229,110.64,75,17.40,89,RO
03.04.2017 03:39 PM,40,128.857,28.78,29,10,16.07,0.00,,0,0,100,,702,1637,98.22,638,638,114.29,75,16.07,88,RO
03.04.2017 03:49 PM,50,136.04,30.63,20,12.5,15.94,0.00,,0,0,100,,772,1731,103.86,713,713,119.80,75,15.94,87,RO
03.04.2017 03:59 PM,60,134.06,30.28,26,15,15.89,0.00,,0,0,100,,841,1731,103.86,779,779,119.75,75,15.89,86,RO
03.04.2017 05:19 PM,60,137,30.38,56,15,16.19,0.00,,0,0,100,,818,1654,99.24,783,783,115.43,75,16.19,83,RO
03.04.2017 05:29 PM,70,132,31.1,30,17.5,15.23,0.00,,0,0,100,,848,1674,100.44,808,808,115.67,75,15.23,86,RO
03.04.2017 05:39 PM,80,139.8,30.5,22,20,16.45,0.40,,0,400,98.03921569,790,720,1678,100.68,687,687,117.13,75,16.45,84,RO
04.04.2017 10:08 AM,80,133.57,30.16,26,20,15.90,0.40,,0,400,98.03921569,,733,1004,60.24,658,658,76.14,75,15.90,89,RO
04.04.2017 10:18 AM,90,123.53,30.6,21,22.5,14.49,0.40,,0,400,98.25327511,,804,1039,62.34,697,697,76.83,75,14.49,75,RO
04.04.2017 10:28 AM,100,123.34,31.63,24,25,14.00,0.40,,0,400,98.42519685,,843,1008,60.48,749,749,74.48,75,14.00,74,RO
04.04.2017 10:43 AM,100,121.71,30.9,76,25,14.14,0.40,,0,400,98.42519685,,841,1024,61.44,744,744,75.58,75,14.14,78,RO
04.04.2017 10:53 AM,110,121.79,30.37,23,27.5,14.39,0.40,,0,400,98.56630824,,877,1128,67.68,786,786,82.07,75,14.39,83,RO
04.04.2017 11:03 AM,120,119.96,30.03,21,30,14.34,0.40,,0,400,98.68421053,,919,1130,67.8,826,826,82.14,75,14.34,82,RO
04.04.2017 11:30 AM,120,130.99,30.65,14,30,15.34,0.90,,0,900,97.08737864,764,553,1737,104.22,509,509,119.56,75,15.34,73,RO
04.04.2017 11:40 AM,130,125.22,29.97,16,32.5,15.00,0.90,,0,900,97.30538922,,649,1770,106.2,559,559,121.20,75,15.00,77,RO
04.04.2017 11:50 AM,140,124.2,30.19,18,35,14.77,0.90,,0,900,97.49303621,,741,1761,105.66,692,692,120.43,75,14.77,80,RO
04.04.2017 12:20 PM,140,122.73,30.22,20,35,14.58,0.90,,0,900,97.49303621,,712,1708,102.48,658,658,117.06,75,14.58,75,RO
04.04.2017 12:30 PM,150,123.8,30.28,21,37.5,14.67,0.90,,0,900,97.65625,,793,1747,104.82,723,723,119.49,75,14.67,74,RO
04.04.2017 12:40 PM,160,125.67,31,22,40,14.55,0.90,,0,900,97.799511,,852,1744,104.64,789,789,119.19,75,14.55,75,RO
04.04.2017 02:20 PM,160,121.73,31.35,22,40,13.94,0.90,,0,900,97.799511,,877,1724,103.44,812,812,117.38,75,13.94,81,RO
04.04.2017 02:30 PM,170,128.51,30.31,13,42.5,15.22,1.40,,0,1400,96.81093394,723,853,1744,104.64,591,591,119.86,75,15.22,75,RO
04.04.2017 02:40 PM,180,123.82,30.28,16,45,14.68,1.40,,0,1400,96.98275862,,736,1744,104.64,674,674,119.32,75,14.68,76,RO
04.04.2017 02:50 PM,180,127.72,30.71,15,45,14.93,1.40,,0,1400,96.98275862,,752,1739,104.34,690,690,119.27,75,14.93,81,RO
04.04.2017 03:00 PM,190,124.95,30.47,17,47.5,14.72,1.40,,0,1400,97.13701431,,782,1745,104.7,757,757,119.42,75,14.72,75,RO
04.04.2017 03:10 PM,200,121.4,30.22,19,50,14.42,1.40,,0,1400,97.27626459,,888,1741,104.46,820,820,118.88,75,14.42,75,RO
05.04.2017 10:48 AM,200,120.11,30.06,38,50,14.34,1.90,,0,1900,96.33911368,738,477,1676,100.56,420,420,114.90,75,14.34,83,RO
05.04.2017 10:58 AM,210,128.29,31.47,12,52.5,14.63,1.90,,0,1900,96.50735294,,584,1729,103.74,522,522,118.37,75,14.63,87,RO
05.04.2017 11:08 AM,220,120.24,30.38,13,55,14.21,1.90,,0,1900,96.66080844,,686,1739,104.34,606,606,118.55,75,14.21,76,RO
05.04.2017 11:18 AM,220,116.65,30.12,81,55,13.90,1.90,,0,1900,96.66080844,,679,1730,103.8,610,610,117.70,75,13.90,80,RO
05.04.2017 11:28 AM,230,119.33,30.47,18,57.5,14.06,1.90,,0,1900,96.8013468,,750,1740,104.4,680,680,118.46,75,14.06,75,RO
05.04.2017 11:38 AM,240,119.16,30.47,17,60,14.04,1.90,,0,1900,96.93053312,,822,1749,104.94,744,744,118.98,75,14.04,77,RO
05.04.2017 12:12 PM,240,122.23,32.87,18,60,13.35,1.90,,0,1900,96.93053312,,813,1714,102.84,737,737,116.19,75,13.35,76,RO
05.04.2017 12:22 PM,250,112.9,30.69,20,62.5,13.20,1.90,,0,1900,97.04968944,,860,1742,104.52,784,784,117.72,75,13.20,76,RO
05.04.2017 12:32 PM,260,113.65,30.66,20,65,13.30,1.90,,0,1900,97.15994021,,922,1749,104.94,847,847,118.24,75,13.30,80,RO
05.04.2017 01:57 PM,260,122.57,30.79,20,65,14.29,2.40,,0,2400,96.43916914,0.82,553,1688,101.28,503,503,115.57,75,14.29,77,RO
05.04.2017 02:07 PM,270,122.27,29.9,12,67.5,14.68,2.40,,0,2400,96.56652361,,638,1732,103.92,582,582,118.60,75,14.68,83,RO
05.04.2017 02:17 PM,280,122.13,30.28,15,70,14.48,2.40,,0,2400,96.68508287,,718,1737,104.22,664,664,118.70,75,14.48,73,RO
05.04.2017 02:20 PM,280,122.21,30.56,19,70,14.35,2.40,,0,2400,96.68508287,,747,1756,105.36,684,684,119.71,75,14.35,77,RO
05.04.2017 02:30 PM,290,121.34,30.41,16,72.5,14.32,2.40,,0,2400,96.79572764,,812,1756,105.36,748,748,119.68,75,14.32,77,RO
05.04.2017 02:40 PM,300,121.58,30,18,75,14.55,2.40,,0,2400,96.89922481,,868,1751,105.06,808,808,119.61,75,14.55,76,RO
05.04.2017 02:43 PM,300,130.52,30.4,11,75,15.41,3.20,,0,3200,95.90792839,682,414,1727,103.62,376,376,119.03,75,15.41,74,RO
05.04.2017 02:53 PM,310,129.69,30.37,10,77.5,15.33,3.20,,0,3200,96.03469641,,505,1737,104.22,467,467,119.55,75,15.33,83,RO
05.04.2017 03:03 PM,320,127.06,30.19,12,80,15.11,3.20,,0,3200,96.15384615,,624,1741,104.46,568,568,119.57,75,15.11,81,RO
05.04.2017 03:19 PM,320,126.55,30.75,19,80,14.77,3.20,,0,3200,96.15384615,,669,1727,103.62,580,580,118.39,75,14.77,79,RO
05.04.2017 03:29 PM,330,124.98,30.19,14,82.5,14.86,3.20,,0,3200,96.26604434,,691,1750,105,657,657,119.86,75,14.86,79,RO
05.04.2017 03:39 PM,340,125.63,30.97,15,85,14.56,3.20,,0,3200,96.37188209,,771,1748,104.88,735,735,119.44,75,14.56,77,RO
05.04.2017 03:40 PM,340,122.35,30.16,18,85,14.56,3.20,,0,3200,96.37188209,,789,1759,105.54,755,755,120.10,75,14.56,77,RO
05.04.2017 03:50 PM,350,121.95,30.4,17,87.5,14.40,3.20,,0,3200,96.47188534,,839,1756,105.36,813,813,119.76,75,14.40,85,RO
05.04.2017 04:00 PM,360,131.76,30.31,9,90,15.60,4.00,,0,4000,95.74468085,650,485,1747,104.82,465,465,120.42,75,15.60,76,RO
05.04.2017 05:10 PM,360,143.5,33.44,36,90,15.40,4.00,,0,4000,95.74468085,,452,1686,101.16,440,440,116.56,75,15.40,80,RO
05.04.2017 05:20 PM,370,134.23,31.25,11,92.5,15.42,4.00,,0,4000,95.85492228,,560,1722,103.32,541,541,118.74,75,15.42,81,RO
05.04.2017 05:30 PM,380,126.09,30.38,13,95,14.90,4.00,,0,4000,95.95959596,,660,1768,106.08,651,651,120.98,75,14.90,76,RO
05.04.2017 05:35 PM,380,133.66,33.22,30,95,14.44,4.00,,0,4000,95.95959596,,671,1741,104.46,665,665,118.90,75,14.44,72,RO
05.04.2017 05:45 PM,390,127.88,32.53,15,97.5,14.11,4.00,,0,4000,96.0591133,,764,1769,106.14,760,760,120.25,75,14.11,73,RO
05.04.2017 05:55 PM,400,119.9,30.87,17,100,13.94,4.00,,0,4000,96.15384615,758,835,1862,111.72,817,817,125.66,75,13.94,72,RO
06.04.2017 09:34 AM,400,137.33,31.04,36,100,15.88,4.50,,0,4500,95.6937799,,438,1711,102.66,392,392,118.54,75,15.88,76,RO
06.04.2017 09:44 AM,410,130.16,31.1,10,102.5,15.02,4.50,,0,4500,95.79439252,,526,1750,105,475,475,120.02,75,15.02,79,RO
06.04.2017 09:54 AM,420,126.6,30.62,11,105,14.84,4.50,,0,4500,95.89041096,,601,1759,105.54,539,539,120.38,75,14.84,73,RO
06.04.2017 10:00 AM,420,125.95,30.31,12,105,14.91,4.50,,0,4500,95.89041096,,629,1759,105.54,566,566,120.45,75,14.91,73,RO
06.04.2017 10:10 AM,430,124.95,30.62,14,107.5,14.65,4.50,,0,4500,95.98214286,,704,1769,106.14,640,640,120.79,75,14.65,69,RO
06.04.2017 10:20 AM,440,119.26,29.88,17,110,14.33,4.50,,0,4500,96.069869,,769,1773,106.38,700,700,120.71,75,14.33,72,RO
06.04.2017 10:25 AM,440,120.36,30.34,52,110,14.24,4.50,,0,4500,96.069869,,777,1763,105.78,714,714,120.02,75,14.24,80,RO
06.04.2017 10:35 AM,450,119.15,30.19,18,12.5,14.17,4.50,,0,4500,73.52941176,,817,1774,106.44,769,769,120.61,75,14.17,80,RO
06.04.2017 10:45 AM,460,117.22,30.19,17,115,13.94,4.50,,0,4500,96.23430962,,837,1778,106.68,812,812,120.62,75,13.94,79,RO
06.04.2017 11:48 AM,460,124.24,30.28,12,115,14.73,5.00,,0,5000,95.83333333,0.72,565,1747,104.82,533,533,119.55,75,14.73,76,RO
06.04.2017 11:58 AM,470,122.94,30.19,13,117.5,14.62,5.00,,0,5000,95.91836735,,600,1760,105.6,580,580,120.22,75,14.62,73,RO
06.04.2017 12:08 PM,480,123.89,30.5,13,120,14.58,5.00,,0,5000,96,,661,1766,105.96,647,647,120.54,75,14.58,74,RO
06.04.2017 01:00 PM,480,129.53,31.09,15,120,14.95,5.00,,0,5000,96,,651,1732,103.92,655,655,118.87,75,14.95,74,RO
06.04.2017 01:10 PM,490,123.05,30.79,15,122.5,14.34,5.00,,0,5000,96.07843137,,694,1767,106.02,703,703,120.36,75,14.34,74,RO
06.04.2017 01:20 PM,500,119.97,30.53,16,125,14.10,5.00,,0,5000,96.15384615,,752,1776,106.56,774,774,120.66,75,14.10,74,RO
06.04.2017 02:30 PM,500,119.39,30.44,17,125,14.08,5.00,,0,5000,96.15384615,,768,1779,106.74,791,791,120.82,75,14.08,74,RO
06.04.2017 02:40 PM,510,119.05,30.35,17,127.5,14.08,5.00,,0,5000,96.22641509,,779,1784,107.04,835,835,121.12,75,14.08,69,RO
06.04.2017 02:50 PM,520,124.8,30.09,11,130,14.89,5.50,,0,5500,95.94095941,0.81,530,1777,106.62,574,574,121.51,75,14.89,69,RO
06.04.2017 03:15 PM,520,117.6,30.15,22,130,14.00,5.50,,0,5500,95.94095941,,541,1729,103.74,560,560,117.74,75,14.00,82,RO
06.04.2017 03:25 PM,530,121.46,30.1,14,132.5,14.48,5.50,,0,5500,96.01449275,,594,1772,106.32,623,623,120.80,75,14.48,74,RO
06.04.2017 03:35 PM,540,124.78,31.03,14,135,14.43,5.50,,0,5500,96.08540925,,645,1763,105.78,680,680,120.21,75,14.43,74,RO
06.04.2017 03:40 PM,540,121.07,30.53,17,135,14.23,5.50,,0,5500,96.08540925,,686,1777,106.62,703,703,120.85,75,14.23,75,RO
06.04.2017 03:50 PM,550,143.01,36.19,16,137.7,14.18,5.50,,0,5500,96.15921788,,701,1773,106.38,755,755,120.56,75,14.18,79,RO
06.04.2017 04:00 PM,560,117.82,30.46,17,140,13.88,5.50,,0,5500,96.21993127,,712,1784,107.04,801,801,120.92,75,13.88,71,RO
07.04.2017 10:15 AM,560,128.07,30.62,32,140,15.01,6.00,,0,6000,95.89041096,0.81,557,1684,101.04,402,402,116.05,75,15.01,59,RO
07.04.2017 10:25 AM,570,152.16,37.6,10,142.5,14.52,6.00,,0,6000,95.95959596,,664,1768,106.08,468,468,120.60,75,14.52,58,RO
07.04.2017 10:35 AM,580,135.9,34,13,145,14.35,6.00,,0,6000,96.02649007,,762,1762,105.72,533,533,120.07,75,14.35,57,RO
07.04.2017 10:40 AM,580,116.96,30.47,16,145,13.78,6.00,,0,6000,96.02649007,,774,1768,106.08,546,546,119.86,75,13.78,58,RO
07.04.2017 10:50 AM,590,122,30.88,15,147.5,14.18,6.00,,0,6000,96.09120521,,824,1780,106.8,578,578,120.98,75,14.18,59,RO
07.04.2017 11:00 AM,600,119.75,30.78,15,150,13.96,6.00,,0,6000,96.15384615,,880,1785,107.1,613,613,121.06,75,13.96,59,RO
07.04.2017 11:02 AM,600,146.44,37.81,15,150,13.90,6.00,,0,6000,96.15384615,,889,1780,106.8,618,618,120.70,75,13.90,64,RO
07.04.2017 11:12 AM,610,133.07,34.66,16,152.5,13.78,6.00,,0,6000,96.21451104,,921,1801,108.06,626,626,121.84,75,13.78,59,RO
07.04.2017 11:22 AM,620,137.06,36.97,20,155,13.31,6.00,,0,6000,96.27329193,,993,1826,109.56,656,656,122.87,75,13.31,60,RO
07.04.2017 11:52 AM,620,108.4,30.38,60,155,12.81,6.00,,0,6000,96.27329193,,942,1747,104.82,605,605,117.63,75,12.81,62,RO
07.04.2017 12:02 PM,630,109.9,30.44,16,157.5,12.96,6.00,,0,6000,96.33027523,,982,1768,106.08,624,624,119.04,75,12.96,64,RO
07.04.2017 12:12 PM,640,119.13,33.1,19,160,12.92,6.00,,0,6000,96.38554217,,1030,1765,105.9,659,659,118.82,75,12.92,65,RO
07.04.2017 01:12 PM,640,112.22,30.69,55,160,13.12,6.00,,0,6000,96.38554217,,1000,1748,104.88,626,626,118.00,75,13.12,60,RO
07.04.2017 01:22 PM,650,115.95,30.56,18,162.5,13.62,6.00,,0,6000,96.43916914,,1040,1735,104.1,626,626,117.72,75,13.62,59,RO
07.04.2017 01:32 PM,660,115.08,30.53,18,165,13.53,6.00,,0,6000,96.49122807,,1070,1778,106.68,623,623,120.21,75,13.53,60,RO
07.04.2017 02:22 PM,660,124.11,30.81,23,165,14.46,6.50,,0,6500,96.20991254,,606,1688,101.28,607,607,115.74,75,14.46,64,RO
07.04.2017 02:32 PM,670,153.63,37.35,10,167.5,14.76,7.00,,0,7000,95.98853868,612,724,1729,103.74,483,483,118.50,75,14.76,60,RO
07.04.2017 02:42 PM,680,182.09,44.5,14,170,14.69,7.00,,0,7000,96.04519774,,820,1746,104.76,530,530,119.45,75,14.69,61,RO
07.04.2017 03:05 PM,680,118.3,30.62,15,170,13.87,7.00,,0,7000,96.04519774,,825,1803,108.18,556,556,122.05,75,13.87,65,RO
07.04.2017 03:15 PM,690,124.56,32.59,13,172.5,13.72,7.00,,0,7000,96.10027855,,888,1777,106.62,600,600,120.34,75,13.72,60,RO
07.04.2017 03:25 PM,700,114.64,30.44,15,175,13.52,7.00,,0,7000,96.15384615,,945,1818,109.08,645,645,122.60,75,13.52,59,RO
07.04.2017 04:01 PM,700,124.5,31.69,19,175,14.10,7.00,,0,7000,96.15384615,,949,1808,108.48,671,671,122.58,75,14.10,64,RO
07.04.2017 04:11 PM,710,110.28,30.91,14,177,12.81,7.00,,0,7000,96.19565217,,983,1821,109.26,732,732,122.07,75,12.81,63,RO
07.04.2017 04:21 PM,720,120.49,34,15,179,12.72,7.00,,0,7000,96.23655914,,1000,1826,109.56,726,726,122.28,75,12.72,59,RO
07.04.2017 04:27 PM,725,107.51,30.41,15,180,12.69,7.00,,0,7000,96.25668449,,1010,1826,109.56,754,754,122.25,75,12.69,59,RO
07.04.2017 05:33 PM,725,108.81,33.41,50,180,11.69,7.00,,0,7000,96.25668449,,969,1780,106.8,696,696,118.49,75,11.69,59,RO
07.04.2017 05:44 PM,735,106.58,31.18,16,182,12.27,7.00,,0,7000,96.2962963,,1000,1804,108.24,718,718,120.51,75,12.27,62,RO
07.04.2017 05:54 PM,745,106.91,30.75,17,184,12.48,7.00,,0,7000,96.33507853,,1040,1804,108.24,743,743,120.72,75,12.48,64,RO
07.04.2017 05:59 PM,750,105.91,30.53,18,185,12.45,7.00,,0,7000,96.35416667,,1080,1816,108.96,754,754,121.41,75,12.45,60,RO
10.04.2017 09:44 AM,750,112.72,32.97,38,185,12.27,7.00,,0,7000,96.35416667,,895,1775,106.5,675,675,118.77,75,12.27,107,RO
10.04.2017 09:54 AM,760,110.08,30.44,22,187,12.98,7.50,,0,7500,96.14395887,706,605,1790,107.4,460,460,120.38,75,12.98,94,RO
10.04.2017 10:04 AM,770,113.2,30.9,24,189,13.15,7.50,,0,7500,96.18320611,,693,1822,109.32,510,510,122.47,75,13.15,73,RO
10.04.2017 10:50 AM,770,107.39,31.34,22,190,12.30,7.50,,0,7500,96.20253165,,688,1798,107.88,523,523,120.18,75,12.30,72,RO
10.04.2017 11:00 AM,780,107.4,30.41,23,192.5,12.68,7.50,,0,7500,96.25,,748,1822,109.32,568,568,122.00,75,12.68,71,RO
10.04.2017 11:10 AM,790,109.11,31.03,24,195,12.62,7.50,,0,7500,96.2962963,,807,1824,109.44,671,671,122.06,75,12.62,76,RO
10.04.2017 11:15 AM,790,111.81,31.78,23,195,12.63,7.50,,0,7500,96.2962963,,834,1821,109.26,636,636,121.89,75,12.63,71,RO
10.04.2017 11:25 AM,800,107.44,30.81,25,197.5,12.52,7.50,,0,7500,96.34146341,,881,1826,109.56,674,674,122.08,75,12.52,72,RO
10.04.2017 11:35 AM,810,104.98,29.99,26,200,12.56,7.50,,0,7500,96.38554217,,913,1836,110.16,700,700,122.72,75,12.56,72,RO
10.04.2017 12:10 PM,810,120.71,32.5,62,200,13.33,7.50,,0,7500,96.38554217,,868,1824,109.44,586,586,122.77,75,13.33,67,RO
10.04.2017 12:20 PM,820,98.79,30.53,22,202.5,11.61,7.50,,0,7500,96.42857143,,941,1732,103.92,633,633,115.53,75,11.61,68,RO
10.04.2017 12:30 PM,830,110.69,34.25,21,205,11.60,7.50,,0,7500,96.47058824,,980,1777,106.62,678,678,118.22,75,11.60,71,RO
10.04.2017 12:35 PM,830,98.4,30.5,21,205,11.58,7.50,,0,7500,96.47058824,,990,1724,103.44,682,682,115.02,75,11.58,65,RO
10.04.2017 12:45 PM,840,98.18,30.75,22,207.5,11.46,7.50,,0,7500,96.51162791,,1020,1727,103.62,703,703,115.08,75,11.46,61,RO
10.04.2017 12:55 PM,850,96.68,30.28,21,210,11.46,7.50,,0,7500,96.55172414,,1050,1727,103.62,721,721,115.08,75,11.46,67,RO
10.04.2017 02:34 PM,850,85.58,30.19,15,210,10.17,7.50,,0,7500,96.55172414,,1010,1785,107.1,689,689,117.27,75,10.17,62,RO
10.04.2017 02:44 PM,860,103.4,35.37,23,212.5,10.49,7.50,,0,7500,96.59090909,,1060,1786,107.16,726,726,117.65,75,10.49,63,RO
10.04.2017 02:54 PM,870,94.08,30.32,24,215,11.14,7.50,,0,7500,96.62921348,,1080,1806,108.36,742,742,119.50,75,11.14,67,RO
10.04.2017 03:09 PM,870,92.46,31.03,20,215,10.69,7.50,,0,7500,96.62921348,,1070,1824,109.44,803,803,120.13,75,10.69,59,RO
10.04.2017 03:19 PM,880,103.9,30.4,17,217.5,12.27,8.00,,0,8000,96.45232816,0.89,786,1826,109.56,560,560,121.83,75,12.27,62,RO
10.04.2017 03:29 PM,890,105,30.5,17,220,12.36,8.00,,0,8000,96.49122807,,863,1796,107.76,613,613,120.12,75,12.36,60,RO
10.04.2017 03:35 PM,890,103,30.53,16,220,12.11,8.00,,0,8000,96.49122807,,888,1806,108.36,635,635,120.47,75,12.11,64,RO
10.04.2017 03:45 PM,900,88,26,17,222.5,12.15,8.00,,0,8000,96.52928416,,935,1800,108,672,672,120.15,75,12.15,64,RO
10.04.2017 03:55 PM,910,100,30.38,19,225,11.81,8.00,,0,8000,96.56652361,,991,1800,108,711,711,119.81,75,11.81,68,RO
12.04.2017 11:00 AM,910,120.96,30.38,96,225,14.29,8.00,,0,8000,96.56652361,,909,1165,69.9,380,380,84.19,75,14.29,81,RO
12.04.2017 11:10 AM,920,97.46,31.09,11,227,11.25,8.00,,0,8000,96.59574468,,916,1220,73.2,638,638,84.45,75,11.25,69,RO
12.04.2017 11:20 AM,930,95.39,30.44,14,229,11.25,8.00,,0,8000,96.62447257,,956,1225,73.5,670,670,84.75,75,11.25,61,RO
12.04.2017 11:25 AM,935,111.24,30.38,13,230,13.14,8.00,,0,8000,96.63865546,,962,1657,99.42,679,679,112.56,75,13.14,57,RO
12.04.2017 11:30 AM,935,111.34,30.53,12,230,13.09,8.00,,0,8000,96.63865546,,971,1659,99.54,685,685,112.63,75,13.09,56,RO
12.04.2017 11:40 AM,945,93.57,30.34,14,232,11.07,8.00,,0,8000,96.66666667,,973,1887,113.22,693,693,124.29,75,11.07,60,RO
12.04.2017 11:50 AM,955,93.87,30.66,14,234,10.99,8.00,,0,8000,96.69421488,,996,1876,112.56,706,706,123.55,75,10.99,58,RO
12.04.2017 11:55 AM,960,95.33,30.71,17,235,11.14,8.00,,0,8000,96.70781893,,1000,1879,112.74,712,712,123.88,75,11.14,61,RO
12.04.2017 12:10 PM,960,94.35,31.06,48,235,10.90,8.00,,0,8000,96.70781893,,986,1848,110.88,679,679,121.78,75,10.90,62,RO
12.04.2017 12:20 PM,970,98.16,31.84,17,237,11.07,8.00,,0,8000,96.73469388,,1010,1855,111.3,711,711,122.37,75,11.07,60,RO
12.04.2017 12:30 PM,980,98.44,31.5,18,239,11.22,8.00,,0,8000,96.7611336,,1050,1847,110.82,721,721,122.04,75,11.22,61,RO
12.04.2017 12:35 PM,985,94.76,30.44,18,240,11.17,8.00,,0,8000,96.77419355,,1060,1854,111.24,729,729,122.41,75,11.17,83,RO
12.04.2017 02:05 PM,985,97.15,30.34,23,240,11.49,8.00,,0,8000,96.77419355,,1050,1823,109.38,708,708,120.87,75,11.49,55,RO
12.04.2017 02:15 PM,995,95.01,30.4,18,242,11.22,8.00,,0,8000,96.8,,1050,1853,111.18,721,721,122.40,75,11.22,51,RO
12.04.2017 02:25 PM,1005,95.11,30.44,17,244,11.21,8.00,,0,8000,96.82539683,,1080,1870,112.2,739,739,123.41,75,11.21,59,RO
12.04.2017 02:30 PM,1010,98.87,31.87,16,245,11.13,8.00,,0,8000,96.83794466,,1100,1869,112.14,741,741,123.27,75,11.13,65,RO
12.04.2017 02:35 PM,1010,94.13,30.35,15,245,11.13,8.00,,0,8000,96.83794466,,1100,1873,112.38,746,746,123.51,75,11.13,60,RO
12.04.2017 02:45 PM,1020,93.25,30.22,16,247,11.08,8.00,,0,8000,96.8627451,,1150,1870,112.2,761,761,123.28,75,11.08,59,RO
12.04.2017 02:55 PM,1030,93.35,30.35,17,249,11.04,8.00,,0,8000,96.88715953,,1160,1874,112.44,773,773,123.48,75,11.04,60,RO
12.04.2017 03:00 PM,1035,92.66,30.35,17,250,10.96,8.00,,0,8000,96.89922481,,1170,1871,112.26,771,771,123.22,75,10.96,58,RO
12.04.2017 03:10 PM,1035,91.29,30.35,19,250,10.80,8.00,,0,8000,96.89922481,,1180,1867,112.02,775,775,122.82,75,10.80,65,RO
12.04.2017 03:20 PM,1045,93.23,30.41,18,252,11.00,8.00,,0,8000,96.92307692,,1200,1872,112.32,786,786,123.32,75,11.00,66,RO
12.04.2017 03:30 PM,1055,94.55,30.68,19,254,11.06,8.00,,0,8000,96.94656489,,1230,1865,111.9,800,800,122.96,75,11.06,64,RO
12.04.2017 03:35 PM,1060,107.09,31.99,11,255,12.02,8.50,,0,8500,96.77419355,1.02,783,1850,111,507,507,123.02,75,12.02,62,RO
13.04.2017 09:00 AM,1060,93.26,30.43,29,255,11.00,8.50,,0,8500,96.77419355,,750,17781,1066.86,559,559,1077.86,75,11.00,67,RO
13.04.2017 09:10 AM,1070,98.98,30.43,16,257,11.67,8.50,,0,8500,96.79849341,,797,1827,109.62,595,595,121.29,75,11.67,65,RO
13.04.2017 09:20 AM,1080,100.25,30.31,12,259,11.87,8.50,,0,8500,96.82242991,,854,1775,106.5,636,636,118.37,75,11.87,67,RO
13.04.2017 09:25 AM,1085,101.85,31,19,260,11.79,8.50,,0,8500,96.83426443,,869,1771,106.26,648,648,118.05,75,11.79,59,RO
13.04.2017 09:30 AM,1085,98.74,30.03,12,260,11.80,8.50,,0,8500,96.83426443,,904,1823,109.38,660,660,121.18,75,11.80,59,RO
13.04.2017 09:40 AM,1095,99.51,30.25,25,262,11.81,8.50,,0,8500,96.85767098,,932,1796,107.76,704,704,119.57,75,11.81,60,RO
13.04.2017 09:50 AM,1105,103.29,32.57,13,264,11.38,8.50,,0,8500,96.88073394,,980,1808,108.48,759,759,119.86,75,11.38,55,RO
13.04.2017 09:55 AM,1120,94.05,30.34,15,265,11.13,8.50,,0,8500,96.89213894,,996,1823,109.38,767,767,120.51,75,11.13,120,RO
13.04.2017 02:50 PM,1120,90.7,33.97,23,265,9.58,8.50,,0,8500,96.89213894,,901,1774,106.44,656,656,116.02,75,9.58,128,RO
13.04.2017 03:00 PM,1130,84.79,30.44,18,267,10.00,8.50,,0,8500,96.91470054,,957,1822,109.32,727,727,119.32,75,10.00,67,RO
13.04.2017 03:10 PM,1140,87.38,30.34,12,269,10.34,8.50,,0,8500,96.93693694,,1000,1820,109.2,773,773,119.54,75,10.34,65,RO
13.04.2017 03:15 PM,1145,87.01,30.28,13,270,10.31,8.50,,0,8500,96.94793537,,1030,1824,109.44,801,801,119.75,75,10.31,68,RO
13.04.2017 03:20 PM,1145,94.07,30.19,13,270,11.18,9.00,,0,9000,96.77419355,0.84,660,1818,109.08,496,496,120.26,75,11.18,61,RO
13.04.2017 03:30 PM,1155,97,30.88,10,272,11.27,9.00,,0,9000,96.79715302,,759,1809,108.54,558,558,119.81,75,11.27,62,RO
13.04.2017 03:40 PM,1165,95.88,31.81,10,274,10.82,9.00,,0,9000,96.81978799,,833,1775,106.5,618,618,117.32,75,10.82,60,RO
13.04.2017 03:45 PM,1170,93.45,30.13,10,275,11.13,9.00,,0,9000,96.83098592,,847,1816,108.96,626,626,120.09,75,11.13,62,RO
13.04.2017 03:50 PM,1170,94.13,30.41,11,275,11.11,9.00,,0,9000,96.83098592,,857,1798,107.88,639,639,118.99,75,11.11,67,RO
13.04.2017 04:00 PM,1180,92.86,30.43,12,277,10.95,9.00,,0,9000,96.85314685,,903,1819,109.14,679,679,120.09,75,10.95,61,RO
13.04.2017 04:10 PM,1190,91.23,30.28,13,279,10.81,9.00,,0,9000,96.875,,947,1819,109.14,715,715,119.95,75,10.81,70,RO
13.04.2017 04:15 PM,1195,90.28,30.38,15,280,10.67,9.00,,0,9000,96.88581315,,966,1819,109.14,734,734,119.81,75,10.67,65,RO
17.04.2017 10:05 AM,1195,72.64,30.41,82,280,8.57,9.00,,0,9000,96.88581315,,828,1727,103.62,634,634,112.19,75,8.57,71,RO
17.04.2017 10:15 AM,1205,79.68,30.07,15,282,9.51,9.00,,0,9000,96.90721649,,900,1832,109.92,697,697,119.43,75,9.51,61,RO
17.04.2017 10:25 AM,1215,83.47,30.28,14,284,9.89,9.00,,0,9000,96.92832765,,952,1828,109.68,740,740,119.57,75,9.89,60,RO
17.04.2017 10:30 AM,1220,83.57,30.5,14,285,9.83,9.00,,0,9000,96.93877551,,963,1838,110.28,750,750,120.11,75,9.83,58,RO
17.04.2017 10:35 AM,1220,84.13,30.53,15,285,9.89,9.00,,0,9000,96.93877551,,974,1838,110.28,756,756,120.17,75,9.89,56,RO
17.04.2017 10:45 AM,1230,83.77,30.31,14,287,9.92,9.00,,0,9000,96.95945946,,1000,1839,110.34,779,779,120.26,75,9.92,56,RO
17.04.2017 10:55 AM,1240,90.03,32.5,16,289,9.94,9.00,,0,9000,96.97986577,,1020,1843,110.58,797,797,120.52,75,9.94,60,RO
17.04.2017 11:00 AM,1245,80.34,29.09,15,290,9.91,9.00,,0,9000,96.98996656,,1030,1890,113.4,797,797,123.31,75,9.91,57,RO
17.04.2017 11:05 AM,1245,82.82,30.13,15,290,9.87,9.00,,0,9000,96.98996656,,1040,1857,111.42,801,801,121.29,75,9.87,57,RO
17.04.2017 11:15 AM,1255,91.45,30.53,9,292,10.75,9.50,,0,9500,96.84908789,0.87,658,1834,110.04,489,489,120.79,75,10.75,57,RO
17.04.2017 11:25 AM,1265,96.41,32.44,10,294,10.67,9.50,,0,9500,96.86985173,,709,1838,110.28,516,516,120.95,75,10.67,58,RO
17.04.2017 11:30 AM,1270,89.58,30.31,10,295,10.61,9.50,,0,9500,96.88013136,,735,1837,110.22,537,537,120.83,75,10.61,60,RO
17.04.2017 12:05 PM,1270,85.99,30.47,70,295,10.13,9.50,,0,9500,96.88013136,,728,1785,107.1,542,542,117.23,75,10.13,53,RO
17.04.2017 12:15 PM,1280,87.28,30.53,11,297,10.26,9.50,,0,9500,96.9004894,,759,1810,108.6,573,573,118.86,75,10.26,52,RO
17.04.2017 12:25 PM,1290,111.94,39.41,11,299,10.19,9.50,,0,9500,96.92058347,,804,1833,109.98,602,602,120.17,75,10.19,55,RO
17.04.2017 12:30 PM,1295,85.38,30.25,12,300,10.13,9.50,,0,9500,96.93053312,,821,1827,109.62,617,617,119.75,75,10.13,62,RO
17.04.2017 12:35 PM,1305,86.2,30.5,10,300,10.14,9.50,,0,9500,96.93053312,,830,1823,109.38,623,623,119.52,75,10.14,52,RO
17.04.2017 12:45 PM,1315,85.35,30.28,11,302,10.12,9.50,,0,9500,96.95024077,,864,1836,110.16,651,651,120.28,75,10.12,57,RO
17.04.2017 12:55 PM,1325,86.45,30.94,12,304,10.03,9.50,,0,9500,96.96969697,,896,1838,110.28,669,669,120.31,75,10.03,52,RO
17.04.2017 01:00 PM,1330,86.16,30.62,12,305,10.10,9.50,,0,9500,96.97933227,,910,1843,110.58,681,681,120.68,75,10.10,53,RO
17.04.2017 01:07 PM,1330,85.62,30.56,12,305,10.06,9.50,,0,9500,96.99842022,,919,1841,110.46,694,694,120.52,75,10.06,56,RO
17.04.2017 01:17 PM,1340,84.31,30.41,14,307,9.95,9.50,,0,9500,97.01726845,,941,1842,110.52,722,722,120.47,75,9.95,57,RO
14.04.2017 01:27 PM,1350,84.48,30.5,15,309,9.94,9.50,,0,9500,97.02660407,,963,1842,110.52,738,738,120.46,75,9.94,58,RO
17.04.2017 01:37 PM,1360,88,32.22,15,310,9.80,9.50,,0,9500,97.02660407,,972,1837,110.22,748,748,120.02,75,9.80,57,RO
17.04.2017 02:45 PM,1360,86.46,33.34,14,310,9.31,9.50,,0,9500,97.04510109,,942,1797,107.82,768,768,117.13,75,9.31,59,RO
17.04.2017 02:55 PM,1370,83.18,31.07,16,312,9.61,9.50,,0,9500,97.04510109,,960,1838,110.28,787,787,119.89,75,9.61,58,RO
17.04.2017 03:05 PM,1380,82.19,30.5,15,314,9.67,9.50,,0,9500,97.0633694,,984,1834,110.04,791,791,119.71,75,9.67,58,RO
17.04.2017 03:15 PM,1390,118.98,44.66,15,315,9.56,9.50,,0,9500,97.07241911,,1010,1845,110.7,808,808,120.26,75,9.56,56,RO
17.04.2017 03:33 PM,1390,89.43,31.28,6,315,10.26,10.00,,0,10000,96.92307692,0.9,735,1799,107.94,726,726,118.20,75,10.26,53,RO
17.04.2017 03:43 PM,1400,91.7,31.34,7,317,10.50,10.00,,0,10000,96.94189602,,795,1808,108.48,747,747,118.98,75,10.50,59,RO
17.04.2017 03:53 PM,1410,90.6,31.12,7,319,10.45,10.00,,0,10000,96.96048632,,858,1819,109.14,813,813,119.59,75,10.45,56,RO
17.04.2017 04:03 PM,1420,97.15,31.63,5,320,11.02,10.50,,0,10500,96.82299546,632,603,1821,109.26,555,555,120.28,75,11.02,55,RO
17.04.2017 04:03 PM,1420,97.15,31.63,5,320,11.02,10.50,,0,10500,96.82299546,,603,1821,109.26,555,555,120.28,75,11.02,56,RO
17.04.2017 04:13 PM,1430,94.78,31,6,322,10.97,10.50,,0,10500,96.84210526,,690,1817,109.02,640,640,119.99,75,10.97,56,RO
17.04.2017 04:23 PM,1440,94.32,31.06,7,324,10.90,10.50,,0,10500,96.86098655,,750,1819,109.14,699,699,120.04,75,10.90,58,RO
17.04.2017 04:33 PM,1450,95.28,31.66,8,325,10.80,10.50,,0,10500,96.87034277,,809,1810,108.6,765,765,119.40,75,10.80,59,RO
17.04.2017 04:33 PM,1450,95.25,31.65,8,325,10.80,10.50,,0,10500,96.87034277,,809,1810,108.6,765,765,119.40,75,10.80,60,RO
17.04.2017 04:43 PM,1460,87.92,30.68,9,327,10.29,10.50,,0,10500,96.88888889,,893,1820,109.2,819,819,119.49,75,10.29,61,RO
17.04.2017 04:53 PM,1470,101.5,34.44,6,329,10.58,11.00,,0,11000,96.76470588,638,634,1835,110.1,609,609,120.68,75,10.58,59,RO
17.04.2017 05:03 PM,1480,90.57,31.19,7,330,10.42,11.00,,0,11000,96.77419355,,711,1835,110.1,632,632,120.52,75,10.42,58,RO
17.04.2017 05:45 PM,1480,79.5,30.53,13,330,9.35,11.00,,0,11000,96.77419355,,675,1788,107.28,644,644,116.63,75,9.35,58,RO
17.04.2017 05:55 PM,1490,103.12,37.62,7,332,9.84,11.00,,0,11000,96.79300292,,736,1812,108.72,703,703,118.56,75,9.84,58,RO
17.04.2017 06:05 PM,1500,90.13,33.43,8,334,9.68,11.00,,0,11000,96.8115942,,804,1824,109.44,768,768,119.12,75,9.68,58,RO
17.04.2017 06:15 PM,1510,84.39,30.85,9,335,9.82,11.00,,0,11000,96.82080925,,854,1829,109.74,816,816,119.56,75,9.82,59,RO
18.04.2017 10:20 PM,1510,82.45,30.35,34,335,9.75,11.50,,0,11500,96.68109668,593,473,1832,109.92,468,548,119.67,75,9.75,74,RO
18.04.2017 10:30 PM,1520,84.68,30.47,7,337,9.97,11.50,,0,11500,96.70014347,,555,1835,110.1,548,548,120.07,75,9.97,71,RO
18.04.2017 10:40 PM,1530,84.6,30.66,8,339,9.90,11.50,,0,11500,96.7189729,,623,1835,110.1,609,609,120.00,75,9.90,71,RO
18.04.2017 10:50 PM,1540,93.25,33.59,10,340,9.96,11.50,,0,11500,96.72830725,,659,1844,110.64,644,644,120.60,75,9.96,76,RO
18.04.2017 10:50 PM,1540,83.43,30.15,9,340,9.93,11.50,,0,11500,96.72830725,,681,1828,109.68,669,669,119.61,75,9.93,77,RO
18.04.2017 11:00 PM,1550,83.77,30.75,10,342,9.78,11.50,,0,11500,96.74681754,,747,1836,110.16,745,745,119.94,75,9.78,69,RO
18.04.2017 11:10 PM,1560,96.48,36,12,344,9.62,11.50,,0,11500,96.76511955,,807,1841,110.46,792,792,120.08,75,9.62,73,RO
18.04.2017 11:20 PM,1570,87.02,32.12,12,345,9.72,11.50,,0,11500,96.77419355,,824,1837,110.22,803,803,119.94,75,9.72,74,RO
18.04.2017 11:20 PM,1570,95.8,34.03,12,345,10.10,12.00,,0,12000,96.63865546,555,497,1777,106.62,503,503,116.72,75,10.10,78,RO
18.04.2017 11:30 PM,1580,85.36,30.06,7,347,10.19,12.00,,0,12000,96.65738162,,562,1819,109.14,548,548,119.33,75,10.19,72,RO
18.04.2017 11:40 PM,1590,86.1,30.47,9,349,10.14,12.00,,0,12000,96.67590028,,640,1756,105.36,625,625,115.50,75,10.14,73,RO
18.04.2017 11:50 PM,1600,85.58,30.53,9,350,10.06,12.00,,0,12000,96.68508287,,663,1742,104.52,651,651,114.58,75,10.06,72,RO
18.04.2017 02:40 PM,1600,73.14,30.28,10,350,8.67,12.00,,0,12000,96.68508287,,662,1758,105.48,616,616,114.15,75,8.67,75,RO
18.04.2017 02:50 PM,1610,74.33,30.34,10,352,8.79,12.00,,0,12000,96.7032967,,706,1765,105.9,659,659,114.69,75,8.79,74,RO
18.04.2017 03:00 PM,1620,77.06,30.75,11,354,8.99,12.00,,0,12000,96.72131148,,766,1798,107.88,711,711,116.87,75,8.99,73,RO
18.04.2017 03:10 PM,1630,72.3,30.72,12,355,8.45,12.00,,0,12000,96.73024523,,826,1806,108.36,759,759,116.81,75,8.45,72,RO
19.04.2017 02:35 PM,1630,82.35,30.28,18,355,9.76,12.50,,0,12500,96.59863946,598,385,883,52.98,321,321,62.74,75,9.76,100,RO
19.04.2017 02:45 PM,1640,87.26,30.53,9,357,10.26,12.50,,0,12500,96.61705007,,471,895,53.7,389,389,63.96,75,10.26,87,RO
19.04.2017 02:55 PM,1650,101.64,34.06,7,358.5,10.71,12.50,,0,12500,96.63072776,,463,991,59.46,391,391,70.17,75,10.71,81,RO
19.04.2017 03:05 PM,1660,84.05,30.4,8,360,9.92,12.50,,0,12500,96.6442953,,534,1104,66.24,458,458,76.16,75,9.92,81,RO
19.04.2017 03:10 PM,1660,84.95,30.5,9,360,10.00,12.50,,0,12500,96.6442953,,555,1110,66.6,481,481,76.60,75,10.00,81,RO
19.04.2017 03:20 PM,1670,83.08,30.35,9,362,9.83,12.50,,0,12500,96.66221629,,636,1107,66.42,535,535,76.25,75,9.83,82,RO
19.04.2017 03:30 PM,1680,73.7,26.91,8,363.5,9.83,12.50,,0,12500,96.67553191,,703,1104,66.24,606,606,76.07,75,9.83,82,RO
19.04.2017 03:40 PM,1690,82.15,30.34,4,365,9.72,12.50,,0,12500,96.68874172,,760,1100,66,662,662,75.72,75,9.72,80,RO
19.04.2017 03:45 PM,1690,85.52,31.97,11,365,9.60,12.50,,0,12500,96.68874172,,781,1095,65.7,682,682,75.30,75,9.60,79,RO
19.04.2017 03:55 PM,1700,87.42,32.91,12,367,9.53,12.50,,0,12500,96.70619236,,845,1099,65.94,737,737,75.47,75,9.53,75,RO
19.04.2017 04:05 PM,1710,79.83,30.66,13,368.5,9.35,12.50,,0,12500,96.7191601,,886,1097,65.82,785,785,75.17,75,9.35,86,RO
19.04.2017 04:15 PM,1720,87.33,33.62,15,370,9.32,12.50,,0,12500,96.73202614,,938,1091,65.46,831,831,74.78,75,9.32,79,RO
21.04.2017 09:10 AM,1720,86.75,30.75,34,370,10.13,13.00,,0,13000,96.60574413,621,510,1091,65.46,460,460,75.59,75,10.13,79,RO
21.04.2017 09:20 AM,1730,89.02,34.25,17,372,9.33,13.00,,0,13000,96.62337662,,553,1723,103.38,529,529,112.71,75,9.33,75,RO
21.04.2017 09:30 AM,1740,82.83,32,9,373.5,9.29,13.00,,0,13000,96.63648124,,634,1745,104.7,600,600,113.99,75,9.29,79,RO
21.04.2017 09:40 AM,1750,69.73,30.28,11,375,8.27,13.00,,0,13000,96.64948454,,685,1850,111,666,666,119.27,75,8.27,76,RO
21.04.2017 10:36 AM,1750,63.72,30.32,16,375,7.54,13.00,,0,13000,96.64948454,,699,1717,103.02,672,672,110.56,75,7.54,76,RO
21.04.2017 10:46 AM,1760,68.49,30.22,16,377,8.13,13.00,,0,13000,96.66666667,,727,1850,111,689,689,119.13,75,8.13,75,RO
21.04.2017 10:56 AM,1770,69.65,30.35,13,378.5,8.24,13.00,,0,13000,96.67943806,,778,1866,111.96,736,736,120.20,75,8.24,75,RO
21.04.2017 11:06 AM,1780,77.23,33.16,14,379.5,8.36,13.00,,0,13000,96.68789809,,823,1852,111.12,783,783,119.48,75,8.36,77,RO
21.04.2017 11:11 AM,1785,69.23,30.31,16,380,8.20,13.00,,0,13000,96.69211196,,841,1853,111.18,805,805,119.38,75,8.20,78,RO
21.04.2017 03:00 AM,1785,86.51,37.03,19,380,8.39,13.50,,0,13500,96.56925032,591,505,1782,106.92,472,472,115.31,75,8.39,78,RO
21.04.2017 03:10 AM,1795,73.57,30.34,13,382,8.70,13.50,,0,13500,96.58659924,,553,1810,108.6,532,532,117.30,75,8.70,75,RO
21.04.2017 03:20 AM,1805,73.22,30.25,10,383.5,8.69,13.50,,0,13500,96.59949622,,624,1848,110.88,600,600,119.57,75,8.69,73,RO
21.04.2017 03:30 AM,1815,72.39,30.38,11,384.5,8.55,13.50,,0,13500,96.6080402,,686,1858,111.48,673,673,120.03,75,8.55,83,RO
21.04.2017 03:35 AM,1820,71.49,30.25,13,385,8.48,13.50,,0,13500,96.61229611,,712,1852,111.12,697,697,119.60,75,8.48,81,RO
21.04.2017 03:40 AM,1820,74.77,31.4,12,385,8.55,13.50,,0,13500,96.61229611,,722,1846,110.76,716,716,119.31,75,8.55,81,RO
21.04.2017 03:50 AM,1830,71.05,30.28,13,387,8.42,13.50,,0,13500,96.62921348,,776,1850,111,758,758,119.42,75,8.42,84,RO
21.04.2017 04:00 AM,1840,72.06,31.28,14,388.5,8.27,13.50,,0,13500,96.64179104,,816,1852,111.12,797,797,119.39,75,8.27,88,RO
21.04.2017 04:10 AM,1850,76.3,33.25,14,389.5,8.24,13.50,,0,13500,96.65012407,,855,1854,111.24,834,834,119.48,75,8.24,77,RO
21.04.2017 04:15 AM,1855,72,30.31,9,390,8.53,14.00,,0,14000,96.53465347,577,563,1855,111.3,541,541,119.83,75,8.53,81,RO
24.04.2017 10:10 AM,1855,73.3,30.84,36,390,8.53,14.00,,0,14000,96.53465347,,526,1091,65.46,521,521,73.99,75,8.53,86,RO
24.04.2017 10:20 AM,1865,74.16,30.38,18,391.5,8.76,14.00,,0,14000,96.54747226,,612,1723,103.38,611,611,112.14,75,8.76,82,RO
24.04.2017 10:30 AM,1875,75.22,30.75,12,393,8.78,14.00,,0,14000,96.56019656,,679,1745,104.7,680,680,113.48,75,8.78,87,RO
24.04.2017 10:40 AM,1885,73.14,30.82,11,394.5,8.52,14.00,,0,14000,96.57282742,,739,1850,111,744,744,119.52,75,8.52,78,RO
24.04.2017 10:45 AM,1890,72.02,30.22,11,395,8.55,14.00,,0,14000,96.57701711,,768,1770,106.2,768,768,114.75,75,8.55,79,RO
24.04.2017 11:07 AM,1890,80.81,36.85,110,395,7.87,14.00,,0,14000,96.57701711,,744,1850,111,755,755,118.87,75,7.87,81,RO
24.04.2017 11:17 AM,1900,86.75,37.91,17,396.5,8.21,14.00,,0,14000,96.58952497,,802,1866,111.96,810,810,120.17,75,8.21,79,RO
24.04.2017 11:27 AM,1910,72.74,30.43,8,398,8.58,14.50,,0,14500,96.48484848,547,577,1852,111.12,576,576,119.70,75,8.58,79,RO
24.04.2017 11:37 AM,1920,71.72,30.25,9,399.5,8.51,14.50,,0,14500,96.49758454,,648,1853,111.18,645,645,119.69,75,8.51,81,RO
24.04.2017 11:42 AM,1925,70.9,30.03,11,400,8.47,14.50,,0,14500,96.50180941,,673,1782,106.92,669,669,115.39,75,8.47,83,RO
24.04.2017 12:20 PM,1925,69.26,30.03,64,400,8.28,14.50,,0,14500,96.50180941,,579,1810,108.6,529,529,116.88,75,8.28,79,RO
24.04.2017 12:30 PM,1935,70,30.28,10,401.5,8.30,14.50,,0,14500,96.51442308,,588,1848,110.88,572,572,119.18,75,8.30,85,RO
24.04.2017 12:40 PM,1945,86.44,35.97,10,403,8.63,14.50,,0,14500,96.52694611,,645,1858,111.48,627,627,120.11,75,8.63,78,RO
24.04.2017 12:50 PM,1955,74.38,30.62,11,404.5,8.72,14.50,,0,14500,96.53937947,,711,1852,111.12,689,689,119.84,75,8.72,91,RO
24.04.2017 12:55 PM,1960,72.83,30.09,12,405,8.69,14.50,,0,14500,96.54350417,,735,1846,110.76,718,718,119.45,75,8.69,89,RO
24.04.2017 01:00 PM,1960,72.95,30.35,13,405,8.63,14.50,,0,14500,96.54350417,,746,1850,111,730,730,119.63,75,8.63,90,RO
24.04.2017 01:10 PM,1970,72.46,30.43,13,406.5,8.55,14.50,,0,14500,96.55581948,,791,1852,111.12,775,775,119.67,75,8.55,90,RO
24.04.2017 01:20 PM,1980,74.98,32,14,408,8.41,14.50,,0,14500,96.56804734,,823,1854,111.24,802,802,119.65,75,8.41,84,RO
24.04.2017 01:30 PM,1990,75.46,30.31,18,409.5,8.94,15.00,,0,15000,96.4664311,532,545,1855,111.3,528,528,120.24,75,8.94,83,RO
24.04.2017 01:35 PM,1995,72.35,30.28,9,410,8.58,15.00,,0,15000,96.47058824,,570,1853,111.18,554,554,119.76,75,8.58,83,RO
24.04.2017 02:42 PM,1995,72.35,30.28,14,410,8.58,15.00,,0,15000,96.47058824,,554,1851,111.06,546,546,119.64,75,8.58,87,RO
24.04.2017 02:52 PM,2005,82.26,32.42,13,411.5,9.11,15.00,,0,15000,96.48300117,,630,1847,110.82,625,625,119.93,75,9.11,83,RO
24.04.2017 03:02 PM,2015,109.51,45.43,11,413,8.65,15.00,,0,15000,96.4953271,,691,1861,111.66,688,688,120.31,75,8.65,82,RO
24.04.2017 03:12 PM,2025,75.06,31.19,12,414.5,8.64,15.00,,0,15000,96.50756694,,746,1856,111.36,737,737,120.00,75,8.64,84,RO
24.04.2017 03:17 PM,2030,71.99,30.5,13,415,8.47,15.00,,0,15000,96.51162791,,785,1870,112.2,790,790,120.67,75,8.47,88,RO
24.04.2017 03:20 PM,2030,70.53,30.43,15,415,8.32,15.00,,0,15000,96.51162791,,813,1852,111.12,820,820,119.44,75,8.32,81,RO
24.04.2017 03:30 PM,2040,97.27,40.94,10,416.5,8.53,15.50,,0,15500,96.41203704,537,561,1862,111.72,550,550,120.25,75,8.53,91,RO
24.04.2017 03:40 PM,2050,72.08,30.72,10,418,8.42,15.50,,0,15500,96.42445213,,623,1850,111,615,615,119.42,75,8.42,89,RO
24.04.2017 03:50 PM,2060,68.71,30.03,12,419.5,8.21,15.50,,0,15500,96.43678161,,697,1857,111.42,691,691,119.63,75,8.21,92,RO
24.04.2017 03:55 PM,2065,69.98,30.75,11,420,8.17,15.50,,0,15500,96.44087256,,675,1865,111.9,721,721,120.07,75,8.17,94,RO
25.04.2017 09:20 AM,2065,65.92,30.06,32,420,7.87,15.50,,0,15500,96.44087256,,621,1797,107.82,603,603,115.69,75,7.87,81,RO
25.04.2017 09:30 AM,2075,73.86,31.62,18,421.5,8.38,15.50,,0,15500,96.45308924,,703,1849,110.94,691,691,119.32,75,8.38,63,RO
25.04.2017 09:40 AM,2085,72.53,30.88,13,423,8.43,15.50,,0,15500,96.46522235,,739,1850,111,726,726,119.43,75,8.43,74,RO
25.04.2017 09:50 AM,2095,74.39,32.35,12,424.5,8.25,15.50,,0,15500,96.47727273,,814,1858,111.48,809,809,119.73,75,8.25,89,RO
25.04.2017 09:55 AM,2100,72.53,30.28,9,425,8.60,16.00,,0,16000,96.37188209,544,451,1846,110.76,446,446,119.36,75,8.60,82,RO
25.04.2017 10:00 AM,2100,72.59,30.41,7,425,8.57,16.00,,0,16000,96.37188209,,485,1851,111.06,477,477,119.63,75,8.57,77,RO
25.04.2017 10:10 AM,2110,71.39,30.07,8,426.5,8.52,16.00,,0,16000,96.38418079,,544,1852,111.12,530,530,119.64,75,8.52,77,RO
25.04.2017 10:20 AM,2120,71,30.5,9,428,8.36,16.00,,0,16000,96.3963964,,611,1846,110.76,601,601,119.12,75,8.36,81,RO
25.04.2017 10:30 AM,2130,78.31,34.59,10,429.5,8.13,16.00,,0,16000,96.40852974,,678,1849,110.94,667,667,119.07,75,8.13,81,RO
25.04.2017 10:35 AM,2135,68.39,30.54,10,430,8.04,16.00,,0,16000,96.41255605,,727,1847,110.82,718,718,118.86,75,8.04,88,RO
25.04.2017 11:25 AM,2135,98.94,30.57,15,430,11.62,16.00,,0,16000,96.41255605,,696,1781,106.86,688,688,118.48,75,11.62,87,RO
25.04.2017 11:35 AM,2145,64.1,30.54,15,431.5,7.53,16.00,,0,16000,96.42458101,,745,1852,111.12,742,742,118.65,75,7.53,84,RO
25.04.2017 11:45 AM,2155,79.63,37.34,12,433,7.65,16.00,,0,16000,96.43652561,,790,1865,111.9,782,782,119.55,75,7.65,79,RO
25.04.2017 11:55 AM,2165,69.89,32.66,13,434.5,7.68,16.00,,0,16000,96.44839068,,845,1858,111.48,839,839,119.16,75,7.68,82,RO
25.04.2017 12:00 PM,2170,67.2,30,16,435,8.04,16.50,,0,16500,96.34551495,570,436,1854,111.24,373,373,119.28,75,8.04,82,RO
25.04.2017 12:05 PM,2170,68.67,30.5,8,435,8.08,16.50,,0,16500,96.34551495,,483,1851,111.06,475,475,119.14,75,8.08,83,RO
25.04.2017 12:15 PM,2180,79.69,35.54,10,436.5,8.05,16.50,,0,16500,96.35761589,,550,1858,111.48,540,540,119.53,75,8.05,82,RO
25.04.2017 12:25 PM,2190,66.57,30.31,10,438,7.88,16.50,,0,16500,96.36963696,,605,1863,111.78,602,602,119.66,75,7.88,88,RO
25.04.2017 12:35 PM,2200,66.54,30.59,11,439.5,7.81,16.50,,0,16500,96.38157895,,673,1861,111.66,671,671,119.47,75,7.81,81,RO
25.04.2017 12:40 PM,2210,67.54,30.96,10,440,7.83,16.50,,0,16500,96.38554217,,697,1858,111.48,646,646,119.31,75,7.83,88,RO
25.04.2017 02:45 PM,2210,0,,,440,0.00,0.00,,0,,100,,,,0,,0,0.00,75,0.00,84,RO
25.04.2017 02:55 PM,2220,,,,441.5,0.00,0.00,,0,,100,,,,0,,0,0.00,75,0.00,,RO
25.04.2017 03:05 PM,2230,,,,443,0.00,0.00,,0,,100,,,,0,,0,0.00,75,0.00,,RO
25.04.2017 03:15 PM,2240,,,,444.5,0.00,0.00,,0,,100,,,,0,,0,0.00,75,0.00,,RO
25.04.2017 03:20 PM,2245,,,,445,0.00,0.00,,0,,100,,,,0,,0,0.00,75,0.00,,RO
26.04.2017 12:40 PM,2245,,,,445,0.00,0.00,,0,,100,,,,0,,0,0.00,75,0.00,,RO
,2255,,,,441.5,0.00,0.00,,0,,100,,,,0,,0,0.00,75,0.00,,RO
,2265,,,,448,0.00,0.00,,0,,100,,,,0,,0,0.00,75,0.00,,RO
,2275,,,,449.5,0.00,0.00,,0,,100,,,,0,,0,0.00,75,0.00,,RO
,2280,,,,450,0.00,0.00,,0,,100,,,,0,,0,0.00,75,0.00,,RO
,,,,,450,0.00,0.00,,0,,100,,,,0,,0,0.00,75,0.00,,RO
,,,,,,0.00,0.00,,0,,#DIV/0!,,,,0,,0,0.00,75,0.00,,RO
,,,,,,0.00,0.00,,0,,#DIV/0!,,,,0,,0,0.00,75,0.00,,RO
,,,,,,0.00,0.00,,0,,#DIV/0!,,,,0,,0,0.00,75,0.00,,RO
,,,,,,0.00,0.00,,0,,#DIV/0!,,,,0,,0,0.00,75,0.00,,RO
,,,,,,0.00,0.00,,0,,#DIV/0!,,,,0,,0,0.00,75,0.00,,RO
,,,,,,0.00,0.00,,0,,#DIV/0!,,,,0,,0,0.00,75,0.00,,RO
,,,,,,0.00,0.00,,0,,#DIV/0!,,,,0,,0,0.00,75,0.00,,RO
,,,,,,0.00,0.00,,0,,#DIV/0!,,,,0,,0,0.00,75,0.00,,RO
,,,,,,0.00,0.00,,0,,#DIV/0!,,,,0,,0,0.00,75,0.00,,RO
,,,,,,0.00,0.00,,0,,#DIV/0!,,,,0,,0,0.00,75,0.00,,RO
,,,,,,0.00,0.00,,0,,#DIV/0!,,,,0,,0,0.00,75,0.00,,RO
,,,,,,0.00,0.00,,0,,#DIV/0!,,,,0,,0,0.00,75,0.00,,RO
,,,,,,0.00,0.00,,0,,#DIV/0!,,,,0,,0,0.00,75,0.00,,RO
,,,,,,0.00,0.00,,0,,#DIV/0!,,,,0,,0,0.00,75,0.00,,RO
,,,,,,0.00,0.00,,0,,#DIV/0!,,,,0,,0,0.00,75,0.00,,RO
,,,,,,0.00,0.00,,0,,#DIV/0!,,,,0,,0,0.00,75,0.00,,RO
,,,,,,0.00,0.00,,0,,#DIV/0!,,,,0,,0,0.00,75,0.00,,RO
,,,,,,0.00,0.00,,0,,#DIV/0!,,,,0,,0,0.00,75,0.00,,RO
,,,,,,0.00,0.00,,0,,#DIV/0!,,,,0,,0,0.00,75,0.00,,RO
,,,,,,0.00,0.00,,0,,#DIV/0!,,,,0,,0,0.00,75,0.00,,RO
,,,,,,0.00,0.00,,0,,#DIV/0!,,,,0,,0,0.00,75,0.00,,RO
,,,,,,0.00,0.00,,0,,#DIV/0!,,,,0,,0,0.00,75,0.00,,RO
,,,,,,0.00,0.00,,0,,#DIV/0!,,,,0,,0,0.00,75,0.00,,RO
,,,,,,0.00,0.00,,0,,#DIV/0!,,,,0,,0,0.00,75,0.00,,RO
,,,,,,0.00,0.00,,0,,#DIV/0!,,,,0,,0,0.00,75,0.00,,RO
,,,,,,0.00,0.00,,0,,#DIV/0!,,,,0,,0,0.00,75,0.00,,RO
,,,,,,0.00,0.00,,0,,#DIV/0!,,,,0,,0,0.00,75,0.00,,RO
,,,,,,0.00,0.00,,0,,#DIV/0!,,,,0,,0,0.00,75,0.00,,RO
,,,,,,0.00,0.00,,0,,#DIV/0!,,,,0,,0,0.00,75,0.00,,RO
,,,,,,,,,,,,,,,,,,,,,,RO
,,,,,,,,,,,,,,,,,,,,,,RO
,,,,,,,,,,,,,,,,,,,,,,RO
,,,,,,,,,,,,,,,,,,,,,,RO
,,,,,,,,,,,,,,,,,,,,,,RO
,,,,,,,,,,,,,,,,,,,,,,RO
,,,,,,,,,,,,,,,,,,,,,,RO
,,,,,,,,,,,,,,,,,,,,,,RO
,,,,,,,,,,,,,,,,,,,,,,RO
,,,,,,,,,,,,,,,,,,,,,,RO
,,,,,,,,,,,,,,,,,,,,,,RO
,,,,,,,,,,,,,,,,,,,,,,RO
,,,,,,,,,,,,,,,,,,,,,,RO
,,,,,,,,,,,,,,,,,,,,,,RO
,,,,,,,,,,,,,,,,,,,,,,RO
,,,,,,,,,,,,,,,,,,,,,,RO
,,,,,,,,,,,,,,,,,,,,,,RO
,,,,,,,,,,,,,,,,,,,,,,RO
,,,,,,,,,,,,,,,,,,,,,,RO
,,,,,,,,,,,,,,,,,,,,,,RO
,,,,,,,,,,,,,,,,,,,,,,RO
,,,,,,,,,,,,,,,,,,,,,,RO
,,,,,,,,,,,,,,,,,,,,,,RO
,,,,,,,,,,,,,,,,,,,,,,RO
,,,,,,,,,,,,,,,,,,,,,,RO
,,,,,,,,,,,,,,,,,,,,,,RO
,,,,,,,,,,,,,,,,,,,,,,RO
,,,,,,,,,,,,,,,,,,,,,,RO
,,,,,,,,,,,,,,,,,,,,,,RO
,,,,,,,,,,,,,,,,,,,,,,RO
,,,,,,,,,,,,,,,,,,,,,,RO
,,,,,,,,,,,,,,,,,,,,,,RO
,,,,,,,,,,,,,,,,,,,,,,RO
,,,,,,,,,,,,,,,,,,,,,,RO
,,,,,,,,,,,,,,,,,,,,,,RO
,,,,,,,,,,,,,,,,,,,,,,RO
,,,,,,,,,,,,,,,,,,,,,,RO
,,,,,,,,,,,,,,,,,,,,,,RO
,,,,,,,,,,,,,,,,,,,,,,RO
,,,,,,,,,,,,,,,,,,,,,,RO
,,,,,,,,,,,,,,,,,,,,,,RO
,,,,,,,,,,,,,,,,,,,,,,RO
,,,,,,,,,,,,,,,,,,,,,,RO
,,,,,,,,,,,,,,,,,,,,,,RO
,,,,,,,,,,,,,,,,,,,,,,RO
,,,,,,,,,,,,,,,,,,,,,,RO
,,,,,,,,,,,,,,,,,,,,,,RO
,,,,,,,,,,,,,,,,,,,,,,RO
,,,,,,,,,,,,,,,,,,,,,,RO
,,,,,,,,,,,,,,,,,,,,,,RO
,,,,,,,,,,,,,,,,,,,,,,RO
,,,,,,,,,,,,,,,,,,,,,,RO
,,,,,,,,,,,,,,,,,,,,,,RO
,,,,,,,,,,,,,,,,,,,,,,RO
,,,,,,,,,,,,,,,,,,,,,,RO
,,,,,,,,,,,,,,,,,,,,,,RO
,,,,,,,,,,,,,,,,,,,,,,RO
,,,,,,,,,,,,,,,,,,,,,,RO
,,,,,,,,,,,,,,,,,,,,,,RO
,,,,,,,,,,,,,,,,,,,,,,RO
,,,,,,,,,,,,,,,,,,,,,,RO
,,,,,,,,,,,,,,,,,,,,,,RO
,,,,,,,,,,,,,,,,,,,,,,RO
,,,,,,,,,,,,,,,,,,,,,,RO
,,,,,,,,,,,,,,,,,,,,,,RO
,,,,,,,,,,,,,,,,,,,,,,RO
,,,,,,,,,,,,,,,,,,,,,,RO
,,,,,,,,,,,,,,,,,,,,,,RO
,,,,,,,,,,,,,,,,,,,,,,RO
,,,,,,,,,,,,,,,,,,,,,,RO
,,,,,,,,,,,,,,,,,,,,,,RO
,,,,,,,,,,,,,,,,,,,,,,RO
,,,,,,,,,,,,,,,,,,,,,,RO
,,,,,,,,,,,,,,,,,,,,,,RO
,,,,,,,,,,,,,,,,,,,,,,RO
,,,,,,,,,,,,,,,,,,,,,,RO
,,,,,,,,,,,,,,,,,,,,,,RO
,,,,,,,,,,,,,,,,,,,,,,RO
,,,,,,,,,,,,,,,,,,,,,,RO
,,,,,,,,,,,,,,,,,,,,,,RO
,,,,,,,,,,,,,,,,,,,,,,RO
,,,,,,,,,,,,,,,,,,,,,,RO
,,,,,,,,,,,,,,,,,,,,,,RO
,,,,,,,,,,,,,,,,,,,,,,RO
,,,,,,,,,,,,,,,,,,,,,,RO
,,,,,,,,,,,,,,,,,,,,,,RO
,,,,,,,,,,,,,,,,,,,,,,RO
,,,,,,,,,,,,,,,,,,,,,,RO
,,,,,,,,,,,,,,,,,,,,,,RO
,,,,,,,,,,,,,,,,,,,,,,RO
,,,,,,,,,,,,,,,,,,,,,,RO
,,,,,,,,,,,,,,,,,,,,,,RO
,,,,,,,,,,,,,,,,,,,,,,RO
,,,,,,,,,,,,,,,,,,,,,,RO
,,,,,,,,,,,,,,,,,,,,,,RO
,,,,,,,,,,,,,,,,,,,,,,RO
,,,,,,,,,,,,,,,,,,,,,,RO
,,,,,,,,,,,,,,,,,,,,,,RO
,,,,,,,,,,,,,,,,,,,,,,RO
,,,,,,,,,,,,,,,,,,,,,,RO
,,,,,,,,,,,,,,,,,,,,,,RO
,,,,,,,,,,,,,,,,,,,,,,RO
,,,,,,,,,,,,,,,,,,,,,,RO
,,,,,,,,,,,,,,,,,,,,,,RO
,,,,,,,,,,,,,,,,,,,,,,RO
,,,,,,,,,,,,,,,,,,,,,,RO
,,,,,,,,,,,,,,,,,,,,,,RO
,,,,,,,,,,,,,,,,,,,,,,RO
,,,,,,,,,,,,,,,,,,,,,,RO
,,,,,,,,,,,,,,,,,,,,,,RO
,,,,,,,,,,,,,,,,,,,,,,RO
,,,,,,,,,,,,,,,,,,,,,,RO
,,,,,,,,,,,,,,,,,,,,,,RO
,,,,,,,,,,,,,,,,,,,,,,RO
,,,,,,,,,,,,,,,,,,,,,,RO
,,,,,,,,,,,,,,,,,,,,,,RO
,,,,,,,,,,,,,,,,,,,,,,RO
,,,,,,,,,,,,,,,,,,,,,,RO
,,,,,,,,,,,,,,,,,,,,,,RO
,,,,,,,,,,,,,,,,,,,,,,RO
,,,,,,,,,,,,,,,,,,,,,,RO
,,,,,,,,,,,,,,,,,,,,,,RO
,,,,,,,,,,,,,,,,,,,,,,RO
,,,,,,,,,,,,,,,,,,,,,,RO
,,,,,,,,,,,,,,,,,,,,,,RO
,,,,,,,,,,,,,,,,,,,,,,RO
,,,,,,,,,,,,,,,,,,,,,,RO
,,,,,,,,,,,,,,,,,,,,,,RO
,,,,,,,,,,,,,,,,,,,,,,RO
,,,,,,,,,,,,,,,,,,,,,,RO
,,,,,,,,,,,,,,,,,,,,,,RO
,,,,,,,,,,,,,,,,,,,,,,RO
,,,,,,,,,,,,,,,,,,,,,,RO
,,,,,,,,,,,,,,,,,,,,,,RO
,,,,,,,,,,,,,,,,,,,,,,RO
,,,,,,,,,,,,,,,,,,,,,,RO
,,,,,,,,,,,,,,,,,,,,,,RO
,,,,,,,,,,,,,,,,,,,,,,RO
,,,,,,,,,,,,,,,,,,,,,,RO
,,,,,,,,,,,,,,,,,,,,,,RO
,,,,,,,,,,,,,,,,,,,,,,RO
,,,,,,,,,,,,,,,,,,,,,,RO
,,,,,,,,,,,,,,,,,,,,,,RO
,,,,,,,,,,,,,,,,,,,,,,RO
,,,,,,,,,,,,,,,,,,,,,,RO
,,,,,,,,,,,,,,,,,,,,,,RO
,,,,,,,,,,,,,,,,,,,,,,RO
,,,,,,,,,,,,,,,,,,,,,,RO
,,,,,,,,,,,,,,,,,,,,,,RO
,,,,,,,,,,,,,,,,,,,,,,RO
,,,,,,,,,,,,,,,,,,,,,,RO
,,,,,,,,,,,,,,,,,,,,,,RO
,,,,,,,,,,,,,,,,,,,,,,RO
,,,,,,,,,,,,,,,,,,,,,,RO
,,,,,,,,,,,,,,,,,,,,,,RO
,,,,,,,,,,,,,,,,,,,,,,RO
,,,,,,,,,,,,,,,,,,,,,,RO
,,,,,,,,,,,,,,,,,,,,,,RO
,,,,,,,,,,,,,,,,,,,,,,RO
,,,,,,,,,,,,,,,,,,,,,,RO
,,,,,,,,,,,,,,,,,,,,,,RO
,,,,,,,,,,,,,,,,,,,,,,RO
,,,,,,,,,,,,,,,,,,,,,,RO
,,,,,,,,,,,,,,,,,,,,,,RO
,,,,,,,,,,,,,,,,,,,,,,RO
,,,,,,,,,,,,,,,,,,,,,,RO
,,,,,,,,,,,,,,,,,,,,,,RO
,,,,,,,,,,,,,,,,,,,,,,RO
,,,,,,,,,,,,,,,,,,,,,,RO
,,,,,,,,,,,,,,,,,,,,,,RO
,,,,,,,,,,,,,,,,,,,,,,RO
,,,,,,,,,,,,,,,,,,,,,,RO
,,,,,,,,,,,,,,,,,,,,,,RO
,,,,,,,,,,,,,,,,,,,,,,RO
,,,,,,,,,,,,,,,,,,,,,,RO
,,,,,,,,,,,,,,,,,,,,,,RO
,,,,,,,,,,,,,,,,,,,,,,RO
,,,,,,,,,,,,,,,,,,,,,,RO
,,,,,,,,,,,,,,,,,,,,,,RO
,,,,,,,,,,,,,,,,,,,,,,RO
,,,,,,,,,,,,,,,,,,,,,,RO
,,,,,,,,,,,,,,,,,,,,,,RO
,,,,,,,,,,,,,,,,,,,,,,RO
,,,,,,,,,,,,,,,,,,,,,,RO
,,,,,,,,,,,,,,,,,,,,,,RO
,,,,,,,,,,,,,,,,,,,,,,RO
,,,,,,,,,,,,,,,,,,,,,,RO
,,,,,,,,,,,,,,,,,,,,,,RO
,,,,,,,,,,,,,,,,,,,,,,RO
,,,,,,,,,,,,,,,,,,,,,,RO
,,,,,,,,,,,,,,,,,,,,,,RO
,,,,,,,,,,,,,,,,,,,,,,RO
,,,,,,,,,,,,,,,,,,,,,,RO
,,,,,,,,,,,,,,,,,,,,,,RO
,,,,,,,,,,,,,,,,,,,,,,RO
,,,,,,,,,,,,,,,,,,,,,,RO
,,,,,,,,,,,,,,,,,,,,,,RO
,,,,,,,,,,,,,,,,,,,,,,RO
,,,,,,,,,,,,,,,,,,,,,,RO
,,,,,,,,,,,,,,,,,,,,,,RO
,,,,,,,,,,,,,,,,,,,,,,RO
,,,,,,,,,,,,,,,,,,,,,,RO
,,,,,,,,,,,,,,,,,,,,,,RO
,,,,,,,,,,,,,,,,,,,,,,RO
,,,,,,,,,,,,,,,,,,,,,,RO
,,,,,,,,,,,,,,,,,,,,,,RO
,,,,,,,,,,,,,,,,,,,,,,RO
,,,,,,,,,,,,,,,,,,,,,,RO
,,,,,,,,,,,,,,,,,,,,,,RO
,,,,,,,,,,,,,,,,,,,,,,RO
,,,,,,,,,,,,,,,,,,,,,,RO
,,,,,,,,,,,,,,,,,,,,,,RO
,,,,,,,,,,,,,,,,,,,,,,RO
,,,,,,,,,,,,,,,,,,,,,,RO
,,,,,,,,,,,,,,,,,,,,,,RO
,,,,,,,,,,,,,,,,,,,,,,RO
,,,,,,,,,,,,,,,,,,,,,,RO
,,,,,,,,,,,,,,,,,,,,,,RO
,,,,,,,,,,,,,,,,,,,,,,RO
,,,,,,,,,,,,,,,,,,,,,,RO
,,,,,,,,,,,,,,,,,,,,,,RO
,,,,,,,,,,,,,,,,,,,,,,RO
,,,,,,,,,,,,,,,,,,,,,,RO
,,,,,,,,,,,,,,,,,,,,,,RO
,,,,,,,,,,,,,,,,,,,,,,RO
,,,,,,,,,,,,,,,,,,,,,,RO
,,,,,,,,,,,,,,,,,,,,,,RO
,,,,,,,,,,,,,,,,,,,,,,RO
,,,,,,,,,,,,,,,,,,,,,,RO
,,,,,,,,,,,,,,,,,,,,,,RO
,,,,,,,,,,,,,,,,,,,,,,RO
,,,,,,,,,,,,,,,,,,,,,,RO
,,,,,,,,,,,,,,,,,,,,,,RO
,,,,,,,,,,,,,,,,,,,,,,RO
,,,,,,,,,,,,,,,,,,,,,,RO
,,,,,,,,,,,,,,,,,,,,,,RO
,,,,,,,,,,,,,,,,,,,,,,RO
,,,,,,,,,,,,,,,,,,,,,,RO
,,,,,,,,,,,,,,,,,,,,,,RO
,,,,,,,,,,,,,,,,,,,,,,RO
,,,,,,,,,,,,,,,,,,,,,,RO
,,,,,,,,,,,,,,,,,,,,,,RO
,,,,,,,,,,,,,,,,,,,,,,RO
,,,,,,,,,,,,,,,,,,,,,,RO
,,,,,,,,,,,,,,,,,,,,,,RO
,,,,,,,,,,,,,,,,,,,,,,RO
,,,,,,,,,,,,,,,,,,,,,,RO
,,,,,,,,,,,,,,,,,,,,,,RO
,,,,,,,,,,,,,,,,,,,,,,RO
,,,,,,,,,,,,,,,,,,,,,,RO
,,,,,,,,,,,,,,,,,,,,,,RO
,,,,,,,,,,,,,,,,,,,,,,RO
,,,,,,,,,,,,,,,,,,,,,,RO
,,,,,,,,,,,,,,,,,,,,,,RO
,,,,,,,,,,,,,,,,,,,,,,RO
,,,,,,,,,,,,,,,,,,,,,,RO
,,,,,,,,,,,,,,,,,,,,,,RO
,,,,,,,,,,,,,,,,,,,,,,RO
,,,,,,,,,,,,,,,,,,,,,,RO
,,,,,,,,,,,,,,,,,,,,,,RO
,,,,,,,,,,,,,,,,,,,,,,RO
,,,,,,,,,,,,,,,,,,,,,,RO
,,,,,,,,,,,,,,,,,,,,,,RO
,,,,,,,,,,,,,,,,,,,,,,RO
,,,,,,,,,,,,,,,,,,,,,,RO
,,,,,,,,,,,,,,,,,,,,,,RO
,,,,,,,,,,,,,,,,,,,,,,RO
,,,,,,,,,,,,,,,,,,,,,,RO
,,,,,,,,,,,,,,,,,,,,,,RO
,,,,,,,,,,,,,,,,,,,,,,RO
,,,,,,,,,,,,,,,,,,,,,,RO
,,,,,,,,,,,,,,,,,,,,,,RO
,,,,,,,,,,,,,,,,,,,,,,RO
,,,,,,,,,,,,,,,,,,,,,,RO
,,,,,,,,,,,,,,,,,,,,,,RO
,,,,,,,,,,,,,,,,,,,,,,RO
,,,,,,,,,,,,,,,,,,,,,,RO
,,,,,,,,,,,,,,,,,,,,,,RO
,,,,,,,,,,,,,,,,,,,,,,RO
,,,,,,,,,,,,,,,,,,,,,,RO
,,,,,,,,,,,,,,,,,,,,,,RO
,,,,,,,,,,,,,,,,,,,,,,RO
,,,,,,,,,,,,,,,,,,,,,,RO
,,,,,,,,,,,,,,,,,,,,,,RO
,,,,,,,,,,,,,,,,,,,,,,RO
,,,,,,,,,,,,,,,,,,,,,,RO
,,,,,,,,,,,,,,,,,,,,,,RO
,,,,,,,,,,,,,,,,,,,,,,RO
,,,,,,,,,,,,,,,,,,,,,,RO
,,,,,,,,,,,,,,,,,,,,,,RO
,,,,,,,,,,,,,,,,,,,,,,RO
,,,,,,,,,,,,,,,,,,,,,,RO
,,,,,,,,,,,,,,,,,,,,,,RO
,,,,,,,,,,,,,,,,,,,,,,RO
,,,,,,,,,,,,,,,,,,,,,,RO
,,,,,,,,,,,,,,,,,,,,,,RO
,,,,,,,,,,,,,,,,,,,,,,RO
,,,,,,,,,,,,,,,,,,,,,,RO
,,,,,,,,,,,,,,,,,,,,,,RO
,,,,,,,,,,,,,,,,,,,,,,RO
,,,,,,,,,,,,,,,,,,,,,,RO
,,,,,,,,,,,,,,,,,,,,,,RO
,,,,,,,,,,,,,,,,,,,,,,RO
,,,,,,,,,,,,,,,,,,,,,,RO
,,,,,,,,,,,,,,,,,,,,,,RO
,,,,,,,,,,,,,,,,,,,,,,RO
,,,,,,,,,,,,,,,,,,,,,,RO
,,,,,,,,,,,,,,,,,,,,,,RO
,,,,,,,,,,,,,,,,,,,,,,RO
,,,,,,,,,,,,,,,,,,,,,,RO
,,,,,,,,,,,,,,,,,,,,,,RO
,,,,,,,,,,,,,,,,,,,,,,RO
,,,,,,,,,,,,,,,,,,,,,,RO
,,,,,,,,,,,,,,,,,,,,,,RO
,,,,,,,,,,,,,,,,,,,,,,RO
,,,,,,,,,,,,,,,,,,,,,,RO
,,,,,,,,,,,,,,,,,,,,,,RO
,,,,,,,,,,,,,,,,,,,,,,RO
,,,,,,,,,,,,,,,,,,,,,,RO
,,,,,,,,,,,,,,,,,,,,,,RO
,,,,,,,,,,,,,,,,,,,,,,RO
,,,,,,,,,,,,,,,,,,,,,,RO
,,,,,,,,,,,,,,,,,,,,,,RO
,,,,,,,,,,,,,,,,,,,,,,RO
,,,,,,,,,,,,,,,,,,,,,,RO
,,,,,,,,,,,,,,,,,,,,,,RO
,,,,,,,,,,,,,,,,,,,,,,RO
,,,,,,,,,,,,,,,,,,,,,,RO
,,,,,,,,,,,,,,,,,,,,,,RO
,,,,,,,,,,,,,,,,,,,,,,RO
,,,,,,,,,,,,,,,,,,,,,,RO
,,,,,,,,,,,,,,,,,,,,,,RO
,,,,,,,,,,,,,,,,,,,,,,RO
,,,,,,,,,,,,,,,,,,,,,,RO
,,,,,,,,,,,,,,,,,,,,,,RO
,,,,,,,,,,,,,,,,,,,,,,RO
,,,,,,,,,,,,,,,,,,,,,,RO
,,,,,,,,,,,,,,,,,,,,,,RO
,,,,,,,,,,,,,,,,,,,,,,RO
,,,,,,,,,,,,,,,,,,,,,,RO
,,,,,,,,,,,,,,,,,,,,,,RO
,,,,,,,,,,,,,,,,,,,,,,RO
,,,,,,,,,,,,,,,,,,,,,,RO
,,,,,,,,,,,,,,,,,,,,,,RO
,,,,,,,,,,,,,,,,,,,,,,RO
,,,,,,,,,,,,,,,,,,,,,,RO
,,,,,,,,,,,,,,,,,,,,,,RO
,,,,,,,,,,,,,,,,,,,,,,RO
,,,,,,,,,,,,,,,,,,,,,,RO
,,,,,,,,,,,,,,,,,,,,,,RO
,,,,,,,,,,,,,,,,,,,,,,RO
,,,,,,,,,,,,,,,,,,,,,,RO
,,,,,,,,,,,,,,,,,,,,,,RO
,,,,,,,,,,,,,,,,,,,,,,RO
,,,,,,,,,,,,,,,,,,,,,,RO
,,,,,,,,,,,,,,,,,,,,,,RO
,,,,,,,,,,,,,,,,,,,,,,RO
,,,,,,,,,,,,,,,,,,,,,,RO
,,,,,,,,,,,,,,,,,,,,,,RO
,,,,,,,,,,,,,,,,,,,,,,RO
,,,,,,,,,,,,,,,,,,,,,,RO
,,,,,,,,,,,,,,,,,,,,,,RO
,,,,,,,,,,,,,,,,,,,,,,RO
,,,,,,,,,,,,,,,,,,,,,,RO
,,,,,,,,,,,,,,,,,,,,,,RO
,,,,,,,,,,,,,,,,,,,,,,RO
,,,,,,,,,,,,,,,,,,,,,,RO
,,,,,,,,,,,,,,,,,,,,,,RO
,,,,,,,,,,,,,,,,,,,,,,RO
,,,,,,,,,,,,,,,,,,,,,,RO
,,,,,,,,,,,,,,,,,,,,,,RO
,,,,,,,,,,,,,,,,,,,,,,RO
,,,,,,,,,,,,,,,,,,,,,,RO
,,,,,,,,,,,,,,,,,,,,,,RO
,,,,,,,,,,,,,,,,,,,,,,RO
,,,,,,,,,,,,,,,,,,,,,,RO
,,,,,,,,,,,,,,,,,,,,,,RO
,,,,,,,,,,,,,,,,,,,,,,RO
,,,,,,,,,,,,,,,,,,,,,,RO
,,,,,,,,,,,,,,,,,,,,,,RO
,,,,,,,,,,,,,,,,,,,,,,RO
,,,,,,,,,,,,,,,,,,,,,,RO
,,,,,,,,,,,,,,,,,,,,,,RO
,,,,,,,,,,,,,,,,,,,,,,RO
,,,,,,,,,,,,,,,,,,,,,,RO
,,,,,,,,,,,,,,,,,,,,,,RO
,,,,,,,,,,,,,,,,,,,,,,RO
,,,,,,,,,,,,,,,,,,,,,,RO
,,,,,,,,,,,,,,,,,,,,,,RO
,,,,,,,,,,,,,,,,,,,,,,RO
,,,,,,,,,,,,,,,,,,,,,,RO
,,,,,,,,,,,,,,,,,,,,,,RO
,,,,,,,,,,,,,,,,,,,,,,RO
,,,,,,,,,,,,,,,,,,,,,,RO
,,,,,,,,,,,,,,,,,,,,,,RO
,,,,,,,,,,,,,,,,,,,,,,RO
,,,,,,,,,,,,,,,,,,,,,,RO
,,,,,,,,,,,,,,,,,,,,,,RO
,,,,,,,,,,,,,,,,,,,,,,RO
,,,,,,,,,,,,,,,,,,,,,,RO
,,,,,,,,,,,,,,,,,,,,,,RO
,,,,,,,,,,,,,,,,,,,,,,RO
,,,,,,,,,,,,,,,,,,,,,,RO
,,,,,,,,,,,,,,,,,,,,,,RO
,,,,,,,,,,,,,,,,,,,,,,RO
,,,,,,,,,,,,,,,,,,,,,,RO
,,,,,,,,,,,,,,,,,,,,,,RO
,,,,,,,,,,,,,,,,,,,,,,RO
,,,,,,,,,,,,,,,,,,,,,,RO
,,,,,,,,,,,,,,,,,,,,,,RO
,,,,,,,,,,,,,,,,,,,,,,RO
,,,,,,,,,,,,,,,,,,,,,,RO
,,,,,,,,,,,,,,,,,,,,,,RO
,,,,,,,,,,,,,,,,,,,,,,RO
,,,,,,,,,,,,,,,,,,,,,,RO
,,,,,,,,,,,,,,,,,,,,,,RO
,,,,,,,,,,,,,,,,,,,,,,RO
,,,,,,,,,,,,,,,,,,,,,,RO
,,,,,,,,,,,,,,,,,,,,,,RO
,,,,,,,,,,,,,,,,,,,,,,RO
,,,,,,,,,,,,,,,,,,,,,,RO
,,,,,,,,,,,,,,,,,,,,,,RO
,,,,,,,,,,,,,,,,,,,,,,RO
,,,,,,,,,,,,,,,,,,,,,,RO
,,,,,,,,,,,,,,,,,,,,,,RO
,,,,,,,,,,,,,,,,,,,,,,RO
,,,,,,,,,,,,,,,,,,,,,,RO
,,,,,,,,,,,,,,,,,,,,,,RO
,,,,,,,,,,,,,,,,,,,,,,RO
,,,,,,,,,,,,,,,,,,,,,,RO
,,,,,,,,,,,,,,,,,,,,,,RO
,,,,,,,,,,,,,,,,,,,,,,RO
,,,,,,,,,,,,,,,,,,,,,,RO
,,,,,,,,,,,,,,,,,,,,,,RO
,,,,,,,,,,,,,,,,,,,,,,RO
,,,,,,,,,,,,,,,,,,,,,,RO
,,,,,,,,,,,,,,,,,,,,,,RO
,,,,,,,,,,,,,,,,,,,,,,RO
,,,,,,,,,,,,,,,,,,,,,,RO
,,,,,,,,,,,,,,,,,,,,,,RO
,,,,,,,,,,,,,,,,,,,,,,RO
,,,,,,,,,,,,,,,,,,,,,,RO
,,,,,,,,,,,,,,,,,,,,,,RO
,,,,,,,,,,,,,,,,,,,,,,RO
,,,,,,,,,,,,,,,,,,,,,,RO
,,,,,,,,,,,,,,,,,,,,,,RO
,,,,,,,,,,,,,,,,,,,,,,RO
,,,,,,,,,,,,,,,,,,,,,,RO
,,,,,,,,,,,,,,,,,,,,,,RO
,,,,,,,,,,,,,,,,,,,,,,RO
,,,,,,,,,,,,,,,,,,,,,,RO
,,,,,,,,,,,,,,,,,,,,,,RO
,,,,,,,,,,,,,,,,,,,,,,RO
,,,,,,,,,,,,,,,,,,,,,,RO
,,,,,,,,,,,,,,,,,,,,,,RO
,,,,,,,,,,,,,,,,,,,,,,RO
,,,,,,,,,,,,,,,,,,,,,,RO
,,,,,,,,,,,,,,,,,,,,,,RO
,,,,,,,,,,,,,,,,,,,,,,RO
,,,,,,,,,,,,,,,,,,,,,,RO
,,,,,,,,,,,,,,,,,,,,,,RO
,,,,,,,,,,,,,,,,,,,,,,RO
,,,,,,,,,,,,,,,,,,,,,,RO
,,,,,,,,,,,,,,,,,,,,,,RO
,,,,,,,,,,,,,,,,,,,,,,RO
,,,,,,,,,,,,,,,,,,,,,,RO
,,,,,,,,,,,,,,,,,,,,,,RO
,,,,,,,,,,,,,,,,,,,,,,RO
,,,,,,,,,,,,,,,,,,,,,,RO
,,,,,,,,,,,,,,,,,,,,,,RO
,,,,,,,,,,,,,,,,,,,,,,RO
,,,,,,,,,,,,,,,,,,,,,,RO
,,,,,,,,,,,,,,,,,,,,,,RO
,,,,,,,,,,,,,,,,,,,,,,RO
,,,,,,,,,,,,,,,,,,,,,,RO
,,,,,,,,,,,,,,,,,,,,,,RO
,,,,,,,,,,,,,,,,,,,,,,RO
,,,,,,,,,,,,,,,,,,,,,,RO
,,,,,,,,,,,,,,,,,,,,,,RO
,,,,,,,,,,,,,,,,,,,,,,RO
,,,,,,,,,,,,,,,,,,,,,,RO
,,,,,,,,,,,,,,,,,,,,,,RO
,,,,,,,,,,,,,,,,,,,,,,RO
,,,,,,,,,,,,,,,,,,,,,,RO
,,,,,,,,,,,,,,,,,,,,,,RO
,,,,,,,,,,,,,,,,,,,,,,RO
,,,,,,,,,,,,,,,,,,,,,,RO
,,,,,,,,,,,,,,,,,,,,,,RO
,,,,,,,,,,,,,,,,,,,,,,RO
,,,,,,,,,,,,,,,,,,,,,,RO
,,,,,,,,,,,,,,,,,,,,,,RO
,,,,,,,,,,,,,,,,,,,,,,RO
,,,,,,,,,,,,,,,,,,,,,,RO
,,,,,,,,,,,,,,,,,,,,,,RO
,,,,,,,,,,,,,,,,,,,,,,RO
,,,,,,,,,,,,,,,,,,,,,,RO
,,,,,,,,,,,,,,,,,,,,,,RO
,,,,,,,,,,,,,,,,,,,,,,RO
,,,,,,,,,,,,,,,,,,,,,,RO
,,,,,,,,,,,,,,,,,,,,,,RO
,,,,,,,,,,,,,,,,,,,,,,RO
,,,,,,,,,,,,,,,,,,,,,,RO
,,,,,,,,,,,,,,,,,,,,,,RO
,,,,,,,,,,,,,,,,,,,,,,RO
,,,,,,,,,,,,,,,,,,,,,,RO
,,,,,,,,,,,,,,,,,,,,,,RO
,,,,,,,,,,,,,,,,,,,,,,RO
,,,,,,,,,,,,,,,,,,,,,,RO
,,,,,,,,,,,,,,,,,,,,,,RO
,,,,,,,,,,,,,,,,,,,,,,RO
,,,,,,,,,,,,,,,,,,,,,,RO
,,,,,,,,,,,,,,,,,,,,,,RO
,,,,,,,,,,,,,,,,,,,,,,RO
,,,,,,,,,,,,,,,,,,,,,,RO
,,,,,,,,,,,,,,,,,,,,,,RO
,,,,,,,,,,,,,,,,,,,,,,RO
,,,,,,,,,,,,,,,,,,,,,,RO
,,,,,,,,,,,,,,,,,,,,,,RO
,,,,,,,,,,,,,,,,,,,,,,RO
,,,,,,,,,,,,,,,,,,,,,,RO
,,,,,,,,,,,,,,,,,,,,,,RO
,,,,,,,,,,,,,,,,,,,,,,RO
,,,,,,,,,,,,,,,,,,,,,,RO
,,,,,,,,,,,,,,,,,,,,,,RO
,,,,,,,,,,,,,,,,,,,,,,RO
,,,,,,,,,,,,,,,,,,,,,,RO
,,,,,,,,,,,,,,,,,,,,,,RO
,,,,,,,,,,,,,,,,,,,,,,RO
,,,,,,,,,,,,,,,,,,,,,,RO
,,,,,,,,,,,,,,,,,,,,,,RO
,,,,,,,,,,,,,,,,,,,,,,RO
,,,,,,,,,,,,,,,,,,,,,,RO
,,,,,,,,,,,,,,,,,,,,,,RO
,,,,,,,,,,,,,,,,,,,,,,RO
,,,,,,,,,,,,,,,,,,,,,,RO
,,,,,,,,,,,,,,,,,,,,,,RO
,,,,,,,,,,,,,,,,,,,,,,RO
,,,,,,,,,,,,,,,,,,,,,,RO
,,,,,,,,,,,,,,,,,,,,,,RO
,,,,,,,,,,,,,,,,,,,,,,RO
,,,,,,,,,,,,,,,,,,,,,,RO
,,,,,,,,,,,,,,,,,,,,,,RO
,,,,,,,,,,,,,,,,,,,,,,RO
,,,,,,,,,,,,,,,,,,,,,,RO
,,,,,,,,,,,,,,,,,,,,,,RO
,,,,,,,,,,,,,,,,,,,,,,RO
,,,,,,,,,,,,,,,,,,,,,,RO
,,,,,,,,,,,,,,,,,,,,,,RO
,,,,,,,,,,,,,,,,,,,,,,RO
,,,,,,,,,,,,,,,,,,,,,,RO
,,,,,,,,,,,,,,,,,,,,,,RO
,,,,,,,,,,,,,,,,,,,,,,RO
,,,,,,,,,,,,,,,,,,,,,,RO
,,,,,,,,,,,,,,,,,,,,,,RO
,,,,,,,,,,,,,,,,,,,,,,RO
,,,,,,,,,,,,,,,,,,,,,,RO
,,,,,,,,,,,,,,,,,,,,,,RO
,,,,,,,,,,,,,,,,,,,,,,RO
,,,,,,,,,,,,,,,,,,,,,,RO
,,,,,,,,,,,,,,,,,,,,,,RO
,,,,,,,,,,,,,,,,,,,,,,RO
,,,,,,,,,,,,,,,,,,,,,,RO
,,,,,,,,,,,,,,,,,,,,,,RO
,,,,,,,,,,,,,,,,,,,,,,RO
,,,,,,,,,,,,,,,,,,,,,,RO
,,,,,,,,,,,,,,,,,,,,,,RO
,,,,,,,,,,,,,,,,,,,,,,RO
,,,,,,,,,,,,,,,,,,,,,,RO
,,,,,,,,,,,,,,,,,,,,,,RO
,,,,,,,,,,,,,,,,,,,,,,RO
,,,,,,,,,,,,,,,,,,,,,,RO
,,,,,,,,,,,,,,,,,,,,,,RO
,,,,,,,,,,,,,,,,,,,,,,RO
,,,,,,,,,,,,,,,,,,,,,,RO
,,,,,,,,,,,,,,,,,,,,,,RO
,,,,,,,,,,,,,,,,,,,,,,RO
,,,,,,,,,,,,,,,,,,,,,,RO
,,,,,,,,,,,,,,,,,,,,,,RO
,,,,,,,,,,,,,,,,,,,,,,RO
,,,,,,,,,,,,,,,,,,,,,,RO
,,,,,,,,,,,,,,,,,,,,,,RO
,,,,,,,,,,,,,,,,,,,,,,RO
,,,,,,,,,,,,,,,,,,,,,,RO
,,,,,,,,,,,,,,,,,,,,,,RO
,,,,,,,,,,,,,,,,,,,,,,RO
,,,,,,,,,,,,,,,,,,,,,,RO
,,,,,,,,,,,,,,,,,,,,,,RO
,,,,,,,,,,,,,,,,,,,,,,RO
,,,,,,,,,,,,,,,,,,,,,,RO
,,,,,,,,,,,,,,,,,,,,,,RO
,,,,,,,,,,,,,,,,,,,,,,RO
,,,,,,,,,,,,,,,,,,,,,,RO
,,,,,,,,,,,,,,,,,,,,,,RO
,,,,,,,,,,,,,,,,,,,,,,RO
,,,,,,,,,,,,,,,,,,,,,,RO
,,,,,,,,,,,,,,,,,,,,,,RO
,,,,,,,,,,,,,,,,,,,,,,RO
,,,,,,,,,,,,,,,,,,,,,,RO
,,,,,,,,,,,,,,,,,,,,,,RO
,,,,,,,,,,,,,,,,,,,,,,RO
,,,,,,,,,,,,,,,,,,,,,,RO
,,,,,,,,,,,,,,,,,,,,,,RO
,,,,,,,,,,,,,,,,,,,,,,RO
,,,,,,,,,,,,,,,,,,,,,,RO
,,,,,,,,,,,,,,,,,,,,,,RO
,,,,,,,,,,,,,,,,,,,,,,RO
,,,,,,,,,,,,,,,,,,,,,,RO
,,,,,,,,,,,,,,,,,,,,,,RO
,,,,,,,,,,,,,,,,,,,,,,RO
,,,,,,,,,,,,,,,,,,,,,,RO
,,,,,,,,,,,,,,,,,,,,,,RO
,,,,,,,,,,,,,,,,,,,,,,RO
,,,,,,,,,,,,,,,,,,,,,,RO
,,,,,,,,,,,,,,,,,,,,,,RO
,,,,,,,,,,,,,,,,,,,,,,RO
,,,,,,,,,,,,,,,,,,,,,,RO
,,,,,,,,,,,,,,,,,,,,,,RO
,,,,,,,,,,,,,,,,,,,,,,RO
,,,,,,,,,,,,,,,,,,,,,,RO
,,,,,,,,,,,,,,,,,,,,,,
,,,,,,,,,,,,,,,,,,,,,,
,,,,,,,,,,,,,,,,,,,,,,
,,,,,,,,,,,,,,,,,,,,,,
,,,,,,,,,,,,,,,,,,,,,,
